/*
SQLyog Ultimate v11.24 (32 bit)
MySQL - 5.7.15-log : Database - robam_wechat
*********************************************************************
*/

/*!40101 SET NAMES utf8 */;

/*!40101 SET SQL_MODE=''*/;

/*!40014 SET @OLD_UNIQUE_CHECKS=@@UNIQUE_CHECKS, UNIQUE_CHECKS=0 */;
/*!40014 SET @OLD_FOREIGN_KEY_CHECKS=@@FOREIGN_KEY_CHECKS, FOREIGN_KEY_CHECKS=0 */;
/*!40101 SET @OLD_SQL_MODE=@@SQL_MODE, SQL_MODE='NO_AUTO_VALUE_ON_ZERO' */;
/*!40111 SET @OLD_SQL_NOTES=@@SQL_NOTES, SQL_NOTES=0 */;
CREATE DATABASE /*!32312 IF NOT EXISTS*/`robam_wechat` /*!40100 DEFAULT CHARACTER SET utf8 */;

USE `robam_wechat`;

/*Table structure for table `robam_action` */

DROP TABLE IF EXISTS `robam_action`;

CREATE TABLE `robam_action` (
  `id` int(11) unsigned NOT NULL AUTO_INCREMENT COMMENT '主键',
  `name` char(30) NOT NULL DEFAULT '' COMMENT '行为唯一标识',
  `title` char(80) NOT NULL DEFAULT '' COMMENT '行为说明',
  `remark` char(140) NOT NULL DEFAULT '' COMMENT '行为描述',
  `rule` text NOT NULL COMMENT '行为规则',
  `log` text NOT NULL COMMENT '日志规则',
  `type` tinyint(2) unsigned NOT NULL DEFAULT '1' COMMENT '类型',
  `status` tinyint(2) NOT NULL DEFAULT '0' COMMENT '状态',
  `update_time` int(11) unsigned NOT NULL DEFAULT '0' COMMENT '修改时间',
  PRIMARY KEY (`id`)
) ENGINE=MyISAM AUTO_INCREMENT=12 DEFAULT CHARSET=utf8 ROW_FORMAT=DYNAMIC COMMENT='系统行为表';

/*Data for the table `robam_action` */

LOCK TABLES `robam_action` WRITE;

insert  into `robam_action`(`id`,`name`,`title`,`remark`,`rule`,`log`,`type`,`status`,`update_time`) values (1,'user_login','用户登录','积分+10，每天一次','table:member|field:score|condition:uid={$self} AND status>-1|rule:score+10|cycle:24|max:1;','[user|get_nickname]在[time|time_format]登录了后台',1,1,1387181220),(2,'add_article','发布文章','积分+5，每天上限5次','table:member|field:score|condition:uid={$self}|rule:score+5|cycle:24|max:5','',2,0,1380173180),(3,'review','评论','评论积分+1，无限制','table:member|field:score|condition:uid={$self}|rule:score+1','',2,1,1383285646),(4,'add_document','发表文档','积分+10，每天上限5次','table:member|field:score|condition:uid={$self}|rule:score+10|cycle:24|max:5','[user|get_nickname]在[time|time_format]发表了一篇文章。\r\n表[model]，记录编号[record]。',2,0,1386139726),(5,'add_document_topic','发表讨论','积分+5，每天上限10次','table:member|field:score|condition:uid={$self}|rule:score+5|cycle:24|max:10','',2,0,1383285551),(6,'update_config','更新配置','新增或修改或删除配置','','',1,1,1383294988),(7,'update_model','更新模型','新增或修改模型','','',1,1,1383295057),(8,'update_attribute','更新属性','新增或更新或删除属性','','',1,1,1383295963),(9,'update_channel','更新导航','新增或修改或删除导航','','',1,1,1383296301),(10,'update_menu','更新菜单','新增或修改或删除菜单','','',1,1,1383296392),(11,'update_category','更新分类','新增或修改或删除分类','','',1,1,1383296765);

UNLOCK TABLES;

/*Table structure for table `robam_action_log` */

DROP TABLE IF EXISTS `robam_action_log`;

CREATE TABLE `robam_action_log` (
  `id` int(10) unsigned NOT NULL AUTO_INCREMENT COMMENT '主键',
  `action_id` int(10) unsigned NOT NULL DEFAULT '0' COMMENT '行为id',
  `user_id` int(10) unsigned NOT NULL DEFAULT '0' COMMENT '执行用户id',
  `action_ip` bigint(20) NOT NULL COMMENT '执行行为者ip',
  `model` varchar(50) NOT NULL DEFAULT '' COMMENT '触发行为的表',
  `record_id` int(10) unsigned NOT NULL DEFAULT '0' COMMENT '触发行为的数据id',
  `remark` varchar(255) NOT NULL DEFAULT '' COMMENT '日志备注',
  `status` tinyint(2) NOT NULL DEFAULT '1' COMMENT '状态',
  `create_time` int(10) unsigned NOT NULL DEFAULT '0' COMMENT '执行行为的时间',
  PRIMARY KEY (`id`),
  KEY `action_ip_ix` (`action_ip`),
  KEY `action_id_ix` (`action_id`),
  KEY `user_id_ix` (`user_id`)
) ENGINE=MyISAM AUTO_INCREMENT=368 DEFAULT CHARSET=utf8 ROW_FORMAT=FIXED COMMENT='行为日志表';

/*Data for the table `robam_action_log` */

LOCK TABLES `robam_action_log` WRITE;

insert  into `robam_action_log`(`id`,`action_id`,`user_id`,`action_ip`,`model`,`record_id`,`remark`,`status`,`create_time`) values (1,1,1,2130706433,'member',1,'admin在2017-02-04 16:49登录了后台',1,1486198196),(2,1,2,2130706433,'member',2,'test在2017-02-04 16:54登录了后台',1,1486198456),(3,1,1,2130706433,'member',1,'admin在2017-02-04 16:54登录了后台',1,1486198487),(4,1,2,2130706433,'member',2,'test在2017-02-04 16:55登录了后台',1,1486198533),(5,1,1,2130706433,'member',1,'admin在2017-02-04 17:09登录了后台',1,1486199365),(6,1,2,2130706433,'member',2,'test在2017-02-04 17:26登录了后台',1,1486200393),(7,1,1,2130706433,'member',1,'admin在2017-02-04 17:26登录了后台',1,1486200411),(8,1,1,2130706433,'member',1,'admin在2017-02-06 09:09登录了后台',1,1486343399),(9,1,3,2130706433,'member',3,'test2在2017-02-06 09:13登录了后台',1,1486343628),(10,1,1,2130706433,'member',1,'admin在2017-02-06 09:17登录了后台',1,1486343879),(11,1,1,2130706433,'member',1,'admin在2017-02-06 11:19登录了后台',1,1486351161),(12,1,1,2130706433,'member',1,'管理员在2017-02-06 12:00登录了后台',1,1486353638),(13,10,1,2130706433,'Menu',2,'操作url：/index.php?s=/admin/menu/edit.html',1,1486353942),(14,10,1,2130706433,'Menu',43,'操作url：/index.php?s=/admin/menu/edit.html',1,1486353970),(15,10,1,2130706433,'Menu',93,'操作url：/index.php?s=/admin/menu/edit.html',1,1486353978),(16,10,1,2130706433,'Menu',93,'操作url：/index.php?s=/admin/menu/edit.html',1,1486353997),(17,10,1,2130706433,'Menu',93,'操作url：/index.php?s=/admin/menu/edit.html',1,1486354029),(18,10,1,2130706433,'Menu',122,'操作url：/index.php?s=/admin/menu/add.html',1,1486354093),(19,10,1,2130706433,'Menu',122,'操作url：/index.php?s=/admin/menu/edit.html',1,1486354112),(20,10,1,2130706433,'Menu',123,'操作url：/index.php?s=/admin/menu/add.html',1,1486354163),(21,10,1,2130706433,'Menu',123,'操作url：/index.php?s=/admin/menu/edit.html',1,1486354173),(22,1,1,2130706433,'member',1,'管理员在2017-02-06 17:52登录了后台',1,1486374741),(23,1,1,2130706433,'member',1,'管理员在2017-02-13 17:14登录了后台',1,1486977290),(24,1,10,2130706433,'member',10,'望山在2017-02-13 17:22登录了后台',1,1486977721),(25,1,10,2130706433,'member',10,'望山在2017-02-13 17:22登录了后台',1,1486977745),(26,1,10,2130706433,'member',10,'望山在2017-02-13 17:24登录了后台',1,1486977859),(27,1,10,2130706433,'member',10,'望山在2017-02-13 17:31登录了后台',1,1486978267),(28,1,10,2130706433,'member',10,'望山在2017-02-13 17:31登录了后台',1,1486978317),(29,1,10,2130706433,'member',10,'望山在2017-02-14 08:52登录了后台',1,1487033577),(30,1,10,2130706433,'member',10,'望山在2017-02-14 08:53登录了后台',1,1487033628),(31,1,10,2130706433,'member',10,'望山在2017-02-14 08:57登录了后台',1,1487033833),(32,1,10,2130706433,'member',10,'望山在2017-02-14 08:58登录了后台',1,1487033924),(33,1,10,2130706433,'member',10,'望山在2017-02-14 08:59登录了后台',1,1487033993),(34,1,10,2130706433,'member',10,'望山在2017-02-14 09:00登录了后台',1,1487034010),(35,1,10,2130706433,'member',10,'望山在2017-02-14 09:00登录了后台',1,1487034025),(36,1,10,2130706433,'member',10,'望山在2017-02-14 09:01登录了后台',1,1487034100),(37,1,10,2130706433,'member',10,'望山在2017-02-14 10:13登录了后台',1,1487038429),(38,1,10,2130706433,'member',10,'望山在2017-02-14 10:16登录了后台',1,1487038580),(39,1,10,2130706433,'member',10,'望山在2017-02-14 10:19登录了后台',1,1487038768),(40,1,10,2130706433,'member',10,'望山在2017-02-14 10:20登录了后台',1,1487038805),(41,1,10,2130706433,'member',10,'望山在2017-02-14 10:20登录了后台',1,1487038848),(42,1,10,2130706433,'member',10,'望山在2017-02-14 10:21登录了后台',1,1487038875),(43,1,10,2130706433,'member',10,'望山在2017-02-14 10:34登录了后台',1,1487039690),(44,1,10,2130706433,'member',10,'望山在2017-02-14 10:35登录了后台',1,1487039731),(45,1,10,2130706433,'member',10,'望山在2017-02-14 11:26登录了后台',1,1487042772),(46,1,10,2130706433,'member',10,'望山在2017-02-14 11:26登录了后台',1,1487042775),(47,1,10,2130706433,'member',10,'望山在2017-02-15 14:07登录了后台',1,1487138862),(48,1,10,2130706433,'member',10,'望山在2017-02-16 08:58登录了后台',1,1487206718),(49,1,10,2130706433,'member',10,'望山在2017-02-17 08:50登录了后台',1,1487292634),(50,1,10,2130706433,'member',10,'望山在2017-02-17 09:07登录了后台',1,1487293658),(51,1,1,2130706433,'member',1,'管理员在2017-02-17 09:34登录了后台',1,1487295288),(52,1,10,2130706433,'member',10,'望山在2017-02-17 09:42登录了后台',1,1487295743),(53,1,10,2130706433,'member',10,'望山在2017-02-17 10:15登录了后台',1,1487297743),(54,1,10,2130706433,'member',10,'望山在2017-02-20 09:44登录了后台',1,1487555072),(55,1,10,2130706433,'member',10,'望山在2017-02-20 09:45登录了后台',1,1487555111),(56,1,10,2130706433,'member',10,'望山在2017-02-20 09:46登录了后台',1,1487555168),(57,1,10,2130706433,'member',10,'望山在2017-02-20 09:47登录了后台',1,1487555244),(58,1,10,2130706433,'member',10,'望山在2017-02-20 09:48登录了后台',1,1487555296),(59,1,10,2130706433,'member',10,'望山在2017-02-20 09:56登录了后台',1,1487555780),(60,1,10,2130706433,'member',10,'望山在2017-02-20 14:58登录了后台',1,1487573904),(61,1,1,2130706433,'member',1,'管理员在2017-02-20 16:58登录了后台',1,1487581110),(62,1,10,2130706433,'member',10,'望山在2017-02-20 17:17登录了后台',1,1487582238),(63,1,11,2130706433,'member',11,'张麻子在2017-02-20 17:17登录了后台',1,1487582263),(64,1,1,2130706433,'member',1,'管理员在2017-02-20 17:18登录了后台',1,1487582313),(65,10,1,2130706433,'Menu',17,'操作url：/index.php?m=Admin&c=Menu&a=edit',1,1487582478),(66,10,1,2130706433,'Menu',17,'操作url：/index.php?m=Admin&c=Menu&a=edit',1,1487582493),(67,10,1,2130706433,'Menu',124,'操作url：/index.php?m=Admin&c=Menu&a=add',1,1487582573),(68,10,1,2130706433,'Menu',124,'操作url：/index.php?m=Admin&c=Menu&a=edit',1,1487582585),(69,10,1,2130706433,'Menu',17,'操作url：/index.php?m=Admin&c=Menu&a=edit',1,1487582814),(70,10,1,2130706433,'Menu',16,'操作url：/index.php?m=Admin&c=Menu&a=edit',1,1487582828),(71,10,1,2130706433,'Menu',68,'操作url：/index.php?m=Admin&c=Menu&a=edit',1,1487582853),(72,10,1,2130706433,'Menu',122,'操作url：/index.php?m=Admin&c=Menu&a=edit',1,1487637526),(73,10,1,2130706433,'Menu',125,'操作url：/index.php?m=Admin&c=Menu&a=add',1,1487637889),(74,10,1,2130706433,'Menu',0,'操作url：/index.php?m=Admin&c=Menu&a=del&id=123',1,1487638083),(75,10,1,2130706433,'Menu',122,'操作url：/index.php?m=Admin&c=Menu&a=edit',1,1487638123),(76,10,1,2130706433,'Menu',122,'操作url：/index.php?m=Admin&c=Menu&a=edit',1,1487638179),(77,10,1,2130706433,'Menu',0,'操作url：/index.php?m=Admin&c=Menu&a=del&id=125',1,1487639032),(78,10,1,2130706433,'Menu',126,'操作url：/index.php?m=Admin&c=Menu&a=add',1,1487639234),(79,10,1,2130706433,'Menu',127,'操作url：/index.php?m=Admin&c=Menu&a=add',1,1487639304),(80,10,1,2130706433,'Menu',126,'操作url：/index.php?m=Admin&c=Menu&a=edit',1,1487639426),(81,10,1,2130706433,'Menu',126,'操作url：/index.php?m=Admin&c=Menu&a=edit',1,1487639445),(82,10,1,2130706433,'Menu',128,'操作url：/index.php?m=Admin&c=Menu&a=add',1,1487639579),(83,10,1,2130706433,'Menu',128,'操作url：/index.php?m=Admin&c=Menu&a=edit',1,1487639628),(84,10,1,2130706433,'Menu',128,'操作url：/index.php?m=Admin&c=Menu&a=edit',1,1487639676),(85,10,1,2130706433,'Menu',128,'操作url：/index.php?m=Admin&c=Menu&a=edit',1,1487639728),(86,10,1,2130706433,'Menu',128,'操作url：/index.php?m=Admin&c=Menu&a=edit',1,1487639755),(87,10,1,2130706433,'Menu',128,'操作url：/index.php?m=Admin&c=Menu&a=edit',1,1487639813),(88,10,1,2130706433,'Menu',128,'操作url：/index.php?m=Admin&c=Menu&a=edit',1,1487639850),(89,10,1,2130706433,'Menu',0,'操作url：/index.php?m=Admin&c=Menu&a=del&id=122',1,1487639910),(90,10,1,2130706433,'Menu',2,'操作url：/index.php?m=Admin&c=Menu&a=edit',1,1487640024),(91,10,1,2130706433,'Menu',129,'操作url：/index.php?m=Admin&c=Menu&a=add',1,1487640048),(92,10,1,2130706433,'Menu',129,'操作url：/index.php?m=Admin&c=Menu&a=edit',1,1487640071),(93,10,1,2130706433,'Menu',124,'操作url：/index.php?m=Admin&c=Menu&a=edit',1,1487640398),(94,10,1,2130706433,'Menu',130,'操作url：/index.php?m=Admin&c=Menu&a=add',1,1487640550),(95,10,1,2130706433,'Menu',130,'操作url：/index.php?m=Admin&c=Menu&a=edit',1,1487640600),(96,10,1,2130706433,'Menu',131,'操作url：/index.php?m=Admin&c=Menu&a=add',1,1487640680),(97,10,1,2130706433,'Menu',132,'操作url：/index.php?m=Admin&c=Menu&a=add',1,1487640831),(98,10,1,2130706433,'Menu',0,'操作url：/index.php?m=Admin&c=Menu&a=del&id=131',1,1487641003),(99,10,1,2130706433,'Menu',128,'操作url：/index.php?m=Admin&c=Menu&a=edit',1,1487641060),(100,1,1,2130706433,'member',1,'管理员在2017-02-21 10:06登录了后台',1,1487642768),(101,9,1,2130706433,'channel',0,'操作url：/index.php?m=Admin&c=Channel&a=del&id=1',1,1487642960),(102,9,1,2130706433,'channel',0,'操作url：/index.php?m=Admin&c=Channel&a=del&id=2',1,1487642969),(103,9,1,2130706433,'channel',0,'操作url：/index.php?m=Admin&c=Channel&a=del&id=3',1,1487642972),(104,10,1,2130706433,'Menu',130,'操作url：/index.php?m=Admin&c=Menu&a=edit',1,1487643358),(105,10,1,2130706433,'Menu',133,'操作url：/index.php?m=Admin&c=Menu&a=add',1,1487647750),(106,10,1,2130706433,'Menu',128,'操作url：/index.php/admin/menu/edit.html',1,1487672877),(107,10,1,2130706433,'Menu',134,'操作url：/index.php/admin/menu/add.html',1,1487673766),(108,10,1,2130706433,'Menu',18,'操作url：/index.php/admin/menu/edit.html',1,1487673815),(109,10,1,2130706433,'Menu',134,'操作url：/index.php/admin/menu/edit.html',1,1487673830),(110,10,1,2130706433,'Menu',134,'操作url：/index.php/admin/menu/edit.html',1,1487673988),(111,1,1,2130706433,'member',1,'管理员在2017-02-23 15:09登录了后台',1,1487833753),(112,1,10,2130706433,'member',10,'望山在2017-02-23 17:06登录了后台',1,1487840763),(113,1,1,2130706433,'member',1,'管理员在2017-02-23 17:07登录了后台',1,1487840831),(114,10,1,2130706433,'Menu',128,'操作url：/index.php/admin/menu/edit.html',1,1487841775),(115,1,10,2130706433,'member',10,'望山在2017-02-23 17:29登录了后台',1,1487842140),(116,10,1,2130706433,'Menu',132,'操作url：/index.php/admin/menu/edit.html',1,1487896827),(117,1,1,2130706433,'member',1,'管理员在2017-02-24 09:19登录了后台',1,1487899189),(118,10,1,2130706433,'Menu',128,'操作url：/index.php/admin/menu/edit.html',1,1487922928),(119,10,1,2130706433,'Menu',128,'操作url：/index.php/admin/menu/edit.html',1,1487923630),(120,10,1,2130706433,'Menu',128,'操作url：/index.php/admin/menu/edit.html',1,1487923718),(121,1,10,2130706433,'member',10,'望山在2017-02-24 17:18登录了后台',1,1487927887),(122,10,1,2130706433,'Menu',135,'操作url：/index.php/admin/menu/add.html',1,1487928336),(123,10,1,2130706433,'Menu',135,'操作url：/index.php/admin/menu/edit.html',1,1487928363),(124,1,10,2130706433,'member',10,'望山在2017-02-26 21:40登录了后台',1,1488116401),(125,1,1,2130706433,'member',1,'管理员在2017-02-26 21:49登录了后台',1,1488116981),(126,1,1,2130706433,'member',1,'管理员在2017-03-21 08:30登录了后台',1,1490056238),(127,10,1,2130706433,'Menu',136,'操作url：/index.php/admin/menu/add.html',1,1490060712),(128,10,1,2130706433,'Menu',1,'操作url：/index.php/admin/menu/edit.html',1,1490066794),(129,10,1,2130706433,'Menu',1,'操作url：/index.php/admin/menu/edit.html',1,1490066904),(130,10,1,2130706433,'Menu',137,'操作url：/index.php/admin/menu/add.html',1,1490066980),(131,10,1,2130706433,'Menu',0,'操作url：/index.php/admin/menu/del/id/137.html',1,1490067024),(132,10,1,2130706433,'Menu',138,'操作url：/index.php/admin/menu/add.html',1,1490080541),(133,10,1,2130706433,'Menu',138,'操作url：/index.php/admin/menu/edit.html',1,1490080567),(134,10,1,2130706433,'Menu',139,'操作url：/index.php/admin/menu/add.html',1,1490080690),(135,10,1,2130706433,'Menu',140,'操作url：/index.php/admin/menu/add.html',1,1490081114),(136,1,1,2130706433,'member',1,'管理员在2017-03-23 15:38登录了后台',1,1490254704),(137,1,1,2130706433,'member',1,'管理员在2017-03-28 20:24登录了后台',1,1490703875),(138,1,1,2130706433,'member',1,'管理员在2017-03-31 16:50登录了后台',1,1490950214),(139,10,1,2130706433,'Menu',141,'操作url：/index.php/admin/menu/add.html',1,1490950566),(140,1,1,2130706433,'member',1,'管理员在2017-04-04 13:47登录了后台',1,1491284835),(141,1,11,2130706433,'member',11,'孙勇在2017-04-04 14:18登录了后台',1,1491286729),(142,10,1,2130706433,'Menu',139,'操作url：/index.php/admin/menu/edit.html',1,1491287488),(143,10,1,2130706433,'Menu',68,'操作url：/index.php/admin/menu/edit.html',1,1491287526),(144,10,1,2130706433,'Menu',142,'操作url：/index.php/admin/menu/add.html',1,1491287740),(145,10,1,2130706433,'Menu',142,'操作url：/index.php/admin/menu/edit.html',1,1491287779),(146,10,1,2130706433,'Menu',143,'操作url：/index.php/admin/menu/add.html',1,1491288158),(147,10,1,2130706433,'Menu',143,'操作url：/index.php/admin/menu/edit.html',1,1491288187),(148,10,1,2130706433,'Menu',144,'操作url：/index.php/admin/menu/add.html',1,1491289249),(149,10,1,2130706433,'Menu',145,'操作url：/index.php/admin/menu/add.html',1,1491289282),(150,10,1,2130706433,'Menu',146,'操作url：/index.php/admin/menu/add.html',1,1491289449),(151,10,1,2130706433,'Menu',147,'操作url：/index.php/admin/menu/add.html',1,1491305349),(152,10,1,2130706433,'Menu',148,'操作url：/index.php/admin/menu/add.html',1,1491305393),(153,10,1,2130706433,'Menu',149,'操作url：/index.php/admin/menu/add.html',1,1491362565),(154,10,1,2130706433,'Menu',149,'操作url：/index.php/admin/menu/edit.html',1,1491362588),(155,10,1,2130706433,'Menu',150,'操作url：/index.php/admin/menu/add.html',1,1491363444),(156,10,1,2130706433,'Menu',151,'操作url：/index.php/admin/menu/add.html',1,1491363466),(157,10,1,2130706433,'Menu',0,'操作url：/index.php/admin/menu/del/id/142.html',1,1491368698),(158,1,1,2130706433,'member',1,'管理员在2017-04-05 14:26登录了后台',1,1491373580),(159,1,1,2130706433,'member',1,'管理员在2017-04-06 17:20登录了后台',1,1491470436),(160,1,10,2130706433,'member',10,'望山在2017-04-06 17:22登录了后台',1,1491470539),(161,1,2,2130706433,'member',2,'王华在2017-05-01 13:27登录了后台',1,1493616453),(162,1,2,2130706433,'member',2,'王华在2017-05-01 13:28登录了后台',1,1493616482),(163,1,1,2130706433,'member',1,'管理员在2017-05-01 13:28登录了后台',1,1493616493),(164,1,1,2130706433,'member',1,'管理员在2017-05-02 08:46登录了后台',1,1493686012),(165,1,1,2130706433,'member',1,'管理员在2017-05-02 09:10登录了后台',1,1493687401),(166,10,1,2130706433,'Menu',130,'操作url：/index.php/admin/menu/edit.html',1,1493694514),(167,10,1,2130706433,'Menu',130,'操作url：/index.php/admin/menu/edit.html',1,1493694534),(168,10,1,2130706433,'Menu',129,'操作url：/index.php/admin/menu/edit.html',1,1493694546),(169,1,1,-1062731519,'member',1,'管理员在2017-05-02 13:54登录了后台',1,1493704463),(170,1,10,-1062731519,'member',10,'望山在2017-05-02 13:56登录了后台',1,1493704583),(171,1,1,-1062731519,'member',1,'管理员在2017-05-02 14:13登录了后台',1,1493705618),(172,1,1,-1062731519,'member',1,'管理员在2017-05-02 14:14登录了后台',1,1493705682),(173,1,10,-1062731519,'member',10,'望山在2017-05-02 14:16登录了后台',1,1493705776),(174,1,1,-1062731519,'member',1,'管理员在2017-05-03 13:40登录了后台',1,1493790053),(175,1,1,-1062731519,'member',1,'管理员在2017-05-03 14:17登录了后台',1,1493792250),(176,1,1,-1062731519,'member',1,'管理员在2017-05-03 14:27登录了后台',1,1493792834),(177,1,1,-1062731519,'member',1,'管理员在2017-05-03 14:38登录了后台',1,1493793501),(178,1,1,-1062731519,'member',1,'管理员在2017-05-03 14:52登录了后台',1,1493794375),(179,1,1,-1062731519,'member',1,'管理员在2017-05-03 14:54登录了后台',1,1493794468),(180,1,1,-1062731519,'member',1,'管理员在2017-05-03 15:36登录了后台',1,1493797013),(181,10,1,-1062731519,'Menu',141,'操作url：/index.php/admin/menu/edit.html',1,1493859937),(182,10,1,-1062731519,'Menu',152,'操作url：/index.php/admin/menu/add.html',1,1493859975),(183,10,1,-1062731519,'Menu',153,'操作url：/index.php/admin/menu/add.html',1,1493859997),(184,10,1,-1062731519,'Menu',147,'操作url：/index.php/admin/menu/edit.html',1,1493861080),(185,10,1,-1062731519,'Menu',154,'操作url：/index.php/admin/menu/add.html',1,1493861150),(186,11,1,-1062731519,'category',2,'操作url：/index.php/admin/category/remove/id/2.html',1,1493862285),(187,11,1,-1062731519,'category',1,'操作url：/index.php/admin/category/remove/id/1.html',1,1493862289),(188,10,1,-1062731519,'Menu',0,'操作url：/index.php/admin/menu/del/id/2.html',1,1493862346),(189,1,1,-1062731519,'member',1,'管理员在2017-05-05 09:34登录了后台',1,1493948090),(190,1,1,-1062731519,'member',1,'管理员在2017-05-06 15:28登录了后台',1,1494055690),(191,1,1,-1062731519,'member',1,'管理员在2017-05-08 11:07登录了后台',1,1494212864),(192,1,1,-1062731519,'member',1,'管理员在2017-05-09 09:15登录了后台',1,1494292557),(193,1,1,-1062731519,'member',1,'管理员在2017-05-10 08:46登录了后台',1,1494377190),(194,1,1,-1062731519,'member',1,'管理员在2017-05-10 13:41登录了后台',1,1494394907),(195,1,1,-1062731519,'member',1,'管理员在2017-05-10 13:42登录了后台',1,1494394970),(196,1,1,-1062731519,'member',1,'管理员在2017-05-11 09:26登录了后台',1,1494465998),(197,1,1,-1062731519,'member',1,'管理员在2017-05-12 11:16登录了后台',1,1494558996),(198,1,1,-1062731519,'member',1,'管理员在2017-05-12 11:19登录了后台',1,1494559162),(199,1,10,-1062731519,'member',10,'望山在2017-05-12 11:26登录了后台',1,1494559595),(200,1,1,-1062731519,'member',1,'管理员在2017-05-12 11:34登录了后台',1,1494560050),(201,1,1,-1062731519,'member',1,'管理员在2017-05-12 13:25登录了后台',1,1494566752),(202,1,1,-1062731519,'member',1,'管理员在2017-05-13 10:37登录了后台',1,1494643026),(203,1,1,-1062731519,'member',1,'管理员在2017-05-13 16:27登录了后台',1,1494664060),(204,1,1,-1062731519,'member',1,'管理员在2017-05-15 09:20登录了后台',1,1494811200),(205,1,1,-1062731519,'member',1,'管理员在2017-05-16 09:13登录了后台',1,1494897185),(206,1,1,-1062731519,'member',1,'管理员在2017-05-16 13:26登录了后台',1,1494912411),(207,1,1,-1062731519,'member',1,'管理员在2017-05-16 15:26登录了后台',1,1494919587),(208,1,1,-1062731519,'member',1,'管理员在2017-05-17 09:29登录了后台',1,1494984572),(209,1,10,1971864515,'member',10,'望山在2017-05-17 15:28登录了后台',1,1495006137),(210,1,10,-1062731519,'member',10,'望山在2017-05-18 09:04登录了后台',1,1495069456),(211,1,1,-1062731519,'member',1,'管理员在2017-05-18 13:54登录了后台',1,1495086851),(212,1,10,-1062731519,'member',10,'望山在2017-05-18 14:54登录了后台',1,1495090447),(213,1,1,-1062731519,'member',1,'管理员在2017-05-20 16:10登录了后台',1,1495267826),(214,1,1,-1062731519,'member',1,'管理员在2017-05-23 17:29登录了后台',1,1495531756),(215,1,1,-1062731519,'member',1,'管理员在2017-05-26 15:57登录了后台',1,1495785467),(216,1,1,-1062731519,'member',1,'管理员在2017-06-03 11:38登录了后台',1,1496461105),(217,1,1,-1062731519,'member',1,'管理员在2017-06-11 09:04登录了后台',1,1497143097),(218,1,1,-1062731519,'member',1,'管理员在2017-06-11 10:18登录了后台',1,1497147533),(219,1,1,-1062731519,'member',1,'管理员在2017-06-14 10:01登录了后台',1,1497405680),(220,1,1,-1062731519,'member',1,'管理员在2017-06-17 10:32登录了后台',1,1497666774),(221,1,1,-1062731519,'member',1,'管理员在2017-06-17 11:36登录了后台',1,1497670565),(222,1,1,-1062731519,'member',1,'管理员在2017-06-19 16:34登录了后台',1,1497861261),(223,1,1,-1062731519,'member',1,'管理员在2017-07-02 08:49登录了后台',1,1498956541),(224,1,1,-1062731519,'member',1,'管理员在2017-07-16 16:25登录了后台',1,1500193533),(225,1,2,-1062731519,'member',2,'王华在2017-07-18 11:56登录了后台',1,1500350188),(226,1,1,-1062731519,'member',1,'管理员在2017-07-18 11:56登录了后台',1,1500350213),(227,1,1,-1062731519,'member',1,'管理员在2017-07-19 10:09登录了后台',1,1500430163),(228,1,2,-1062731519,'member',2,'王华在2017-07-23 21:33登录了后台',1,1500816797),(229,1,1,-1062731519,'member',1,'管理员在2017-07-23 21:33登录了后台',1,1500816809),(230,1,10,-1062731519,'member',10,'望山在2017-07-23 21:48登录了后台',1,1500817680),(231,1,10,-1062731519,'member',10,'望山在2017-07-24 00:28登录了后台',1,1500827321),(232,1,10,-1062731519,'member',10,'望山在2017-07-24 01:17登录了后台',1,1500830274),(233,1,10,-1062731519,'member',10,'望山在2017-07-24 14:46登录了后台',1,1500878806),(234,1,10,-1062731519,'member',10,'望山在2017-07-24 15:40登录了后台',1,1500882011),(235,1,2,-1062731519,'member',2,'王华在2017-07-24 16:37登录了后台',1,1500885458),(236,1,2,-1062731519,'member',2,'王华在2017-07-24 16:37登录了后台',1,1500885474),(237,1,1,-1062731519,'member',1,'管理员在2017-07-24 16:38登录了后台',1,1500885481),(238,1,10,-1062731519,'member',10,'望山在2017-07-24 16:46登录了后台',1,1500885967),(239,1,10,2059407089,'member',10,'望山在2017-07-24 17:26登录了后台',1,1500888402),(240,1,10,-1062731519,'member',10,'望山在2017-07-24 17:26登录了后台',1,1500888407),(241,1,10,-1062731519,'member',10,'望山在2017-07-24 22:17登录了后台',1,1500905835),(242,1,10,-1062731519,'member',10,'望山在2017-07-24 23:11登录了后台',1,1500909111),(243,1,10,-1062731519,'member',10,'望山在2017-07-24 23:19登录了后台',1,1500909563),(244,1,10,828350876,'member',10,'望山在2017-07-25 09:02登录了后台',1,1500944524),(245,1,1,-1062731519,'member',1,'管理员在2017-07-25 10:17登录了后台',1,1500949079),(246,1,10,-1062731519,'member',10,'望山在2017-07-25 16:02登录了后台',1,1500969768),(247,1,2,-1062731519,'member',2,'王华在2017-07-25 16:03登录了后台',1,1500969830),(248,1,1,-1062731519,'member',1,'管理员在2017-07-25 16:05登录了后台',1,1500969951),(249,1,11,-1062731519,'member',11,'孙勇在2017-07-25 16:11登录了后台',1,1500970304),(250,1,1,-1062731519,'member',1,'管理员在2017-07-28 14:46登录了后台',1,1501224366),(251,1,1,-1062731519,'member',1,'管理员在2017-07-29 09:16登录了后台',1,1501290976),(252,1,1,-1062731519,'member',1,'管理员在2017-07-30 09:09登录了后台',1,1501376978),(253,1,1,-1062731519,'member',1,'管理员在2017-07-31 13:12登录了后台',1,1501477961),(254,1,1,-1062731519,'member',1,'管理员在2017-08-01 10:20登录了后台',1,1501554057),(255,1,1,-1062731519,'member',1,'管理员在2017-08-02 09:19登录了后台',1,1501636747),(256,1,1,-1062731519,'member',1,'管理员在2017-08-02 09:40登录了后台',1,1501638005),(257,1,1,-1062731519,'member',1,'管理员在2017-08-04 09:05登录了后台',1,1501808734),(258,1,1,-1062731519,'member',1,'管理员在2017-08-04 09:24登录了后台',1,1501809893),(259,1,1,-1062731519,'member',1,'管理员在2017-08-05 09:36登录了后台',1,1501896973),(260,1,1,-1062731519,'member',1,'管理员在2017-08-07 09:08登录了后台',1,1502068109),(261,1,1,-1062731519,'member',1,'管理员在2017-08-07 13:49登录了后台',1,1502084949),(262,1,1,-1062731519,'member',1,'管理员在2017-08-07 13:51登录了后台',1,1502085112),(263,10,1,-1062731519,'Menu',16,'操作url：/index.php/admin/menu/edit.html',1,1502152350),(264,10,1,-1062731519,'Menu',17,'操作url：/index.php/admin/menu/edit.html',1,1502152525),(265,10,1,-1062731519,'Menu',27,'操作url：/index.php/admin/menu/edit.html',1,1502152558),(266,10,1,-1062731519,'Menu',130,'操作url：/index.php/admin/menu/edit.html',1,1502153225),(267,10,1,-1062731519,'Menu',155,'操作url：/index.php/admin/menu/add.html',1,1502153295),(268,10,1,-1062731519,'Menu',130,'操作url：/index.php/admin/menu/edit.html',1,1502153750),(269,10,1,-1062731519,'Menu',130,'操作url：/index.php/admin/menu/edit.html',1,1502153779),(270,10,1,-1062731519,'Menu',155,'操作url：/index.php/admin/menu/edit.html',1,1502153785),(271,10,1,-1062731519,'Menu',130,'操作url：/index.php/admin/menu/edit.html',1,1502153808),(272,10,1,-1062731519,'Menu',155,'操作url：/index.php/admin/menu/edit.html',1,1502153818),(273,10,1,-1062731519,'Menu',156,'操作url：/index.php/admin/menu/add.html',1,1502153980),(274,10,1,-1062731519,'Menu',157,'操作url：/index.php/admin/menu/add.html',1,1502154168),(275,10,1,-1062731519,'Menu',158,'操作url：/index.php/admin/menu/add.html',1,1502154193),(276,10,1,-1062731519,'Menu',149,'操作url：/index.php/admin/menu/edit.html',1,1502154360),(277,10,1,-1062731519,'Menu',140,'操作url：/index.php/admin/menu/edit.html',1,1502154488),(278,10,1,-1062731519,'Menu',159,'操作url：/index.php/admin/menu/add.html',1,1502154667),(279,10,1,-1062731519,'Menu',159,'操作url：/index.php/admin/menu/edit.html',1,1502154697),(280,10,1,-1062731519,'Menu',27,'操作url：/index.php/admin/menu/edit.html',1,1502154708),(281,10,1,-1062731519,'Menu',17,'操作url：/index.php/admin/menu/edit.html',1,1502154795),(282,10,1,-1062731519,'Menu',159,'操作url：/index.php/admin/menu/edit.html',1,1502154833),(283,10,1,-1062731519,'Menu',27,'操作url：/index.php/admin/menu/edit.html',1,1502154849),(284,10,1,-1062731519,'Menu',159,'操作url：/index.php/admin/menu/edit.html',1,1502154986),(285,10,1,-1062731519,'Menu',27,'操作url：/index.php/admin/menu/edit.html',1,1502154997),(286,10,1,-1062731519,'Menu',17,'操作url：/index.php/admin/menu/edit.html',1,1502159554),(287,10,1,-1062731519,'Menu',18,'操作url：/index.php/admin/menu/edit.html',1,1502159602),(288,10,1,-1062731519,'Menu',136,'操作url：/index.php/admin/menu/edit.html',1,1502159627),(289,10,1,-1062731519,'Menu',159,'操作url：/index.php/admin/menu/edit.html',1,1502161550),(290,10,1,-1062731519,'Menu',16,'操作url：/index.php/admin/menu/edit.html',1,1502161710),(291,10,1,-1062731519,'Menu',0,'操作url：/index.php/admin/menu/del/id/128.html',1,1502162947),(292,10,1,-1062731519,'Menu',0,'操作url：/index.php/admin/menu/del/id/153.html',1,1502163006),(293,10,1,-1062731519,'Menu',0,'操作url：/index.php/admin/menu/del/id/152.html',1,1502163012),(294,10,1,-1062731519,'Menu',0,'操作url：/index.php/admin/menu/del/id/141.html',1,1502163016),(295,10,1,-1062731519,'Menu',155,'操作url：/index.php/admin/menu/edit.html',1,1502166583),(296,10,1,-1062731519,'Menu',160,'操作url：/index.php/admin/menu/add.html',1,1502166624),(297,1,1,-1062731519,'member',1,'管理员在2017-08-09 17:03登录了后台',1,1502269394),(298,1,1,-1062731519,'member',1,'管理员在2017-08-10 13:51登录了后台',1,1502344298),(299,1,10,2130706433,'member',10,'望山在2017-08-14 00:59登录了后台',1,1502643595),(300,1,10,1971864729,'member',10,'望山在2017-08-14 15:04登录了后台',1,1502694255),(301,1,2,1971864729,'member',2,'王华在2017-08-14 15:39登录了后台',1,1502696392),(302,1,1,1971864729,'member',1,'管理员在2017-08-14 15:40登录了后台',1,1502696408),(303,1,1,988867362,'member',1,'管理员在2017-08-14 15:49登录了后台',1,1502696984),(304,1,1,988867362,'member',1,'管理员在2017-08-14 15:55登录了后台',1,1502697314),(305,1,1,988867362,'member',1,'管理员在2017-08-14 16:04登录了后台',1,1502697856),(306,1,1,1971864729,'member',1,'管理员在2017-08-14 16:08登录了后台',1,1502698095),(307,1,23,1971864729,'member',23,'tt在2017-08-14 16:17登录了后台',1,1502698651),(308,1,21,1971864729,'member',21,'财务-许莉在2017-08-14 16:19登录了后台',1,1502698760),(309,1,1,1971864729,'member',1,'管理员在2017-08-14 16:25登录了后台',1,1502699116),(310,1,23,1971864729,'member',23,'tt在2017-08-14 16:25登录了后台',1,1502699150),(311,1,1,1971864729,'member',1,'管理员在2017-08-14 16:26登录了后台',1,1502699218),(312,1,2,1971864397,'member',2,'王华在2017-08-15 10:43登录了后台',1,1502765032),(313,1,1,1971864397,'member',1,'管理员在2017-08-15 10:44登录了后台',1,1502765043),(314,1,1,1971864618,'member',1,'管理员在2017-08-15 10:49登录了后台',1,1502765355),(315,1,21,1971864618,'member',21,'财务-许莉在2017-08-15 10:50登录了后台',1,1502765441),(316,1,22,1971864618,'member',22,'市场部-宫雪琴在2017-08-15 11:04登录了后台',1,1502766288),(317,1,1,1971864618,'member',1,'管理员在2017-08-15 11:05登录了后台',1,1502766331),(318,1,22,1971864618,'member',22,'市场部-宫雪琴在2017-08-15 11:07登录了后台',1,1502766429),(319,1,1,1971864618,'member',1,'管理员在2017-08-15 11:08登录了后台',1,1502766537),(320,1,2,986874810,'member',2,'王华在2017-08-15 13:23登录了后台',1,1502774625),(321,1,1,986874810,'member',1,'管理员在2017-08-15 13:23登录了后台',1,1502774637),(322,1,10,1971864397,'member',10,'望山在2017-08-15 13:28登录了后台',1,1502774934),(323,1,10,1971864397,'member',10,'望山在2017-08-15 16:23登录了后台',1,1502785393),(324,1,1,988867362,'member',1,'管理员在2017-08-18 09:45登录了后台',1,1503020729),(325,1,1,988867362,'member',1,'管理员在2017-08-19 10:27登录了后台',1,1503109679),(326,1,1,988867362,'member',1,'管理员在2017-08-19 14:22登录了后台',1,1503123750),(327,1,1,988867362,'member',1,'管理员在2017-08-20 09:27登录了后台',1,1503192446),(328,1,1,988867362,'member',1,'管理员在2017-08-21 09:44登录了后台',1,1503279857),(329,1,1,988867362,'member',1,'管理员在2017-08-21 15:03登录了后台',1,1503299007),(330,1,1,988867362,'member',1,'管理员在2017-08-21 16:45登录了后台',1,1503305129),(331,1,2,1926817254,'member',2,'王华在2017-08-21 20:49登录了后台',1,1503319777),(332,1,1,1926817254,'member',1,'管理员在2017-08-21 20:50登录了后台',1,1503319800),(333,1,10,1926817254,'member',10,'望山在2017-08-21 21:03登录了后台',1,1503320587),(334,1,10,1926817254,'member',10,'望山在2017-08-21 22:19登录了后台',1,1503325197),(335,1,10,1926817254,'member',10,'望山在2017-08-21 23:09登录了后台',1,1503328195),(336,1,10,1880554049,'member',10,'望山在2017-08-22 07:50登录了后台',1,1503359424),(337,1,10,828148831,'member',10,'望山在2017-08-22 08:42登录了后台',1,1503362540),(338,1,10,828148831,'member',10,'望山在2017-08-22 09:01登录了后台',1,1503363714),(339,1,1,988867362,'member',1,'管理员在2017-08-22 09:50登录了后台',1,1503366640),(340,1,10,1971864759,'member',10,'望山在2017-08-22 09:57登录了后台',1,1503367062),(341,1,10,1971858981,'member',10,'望山在2017-08-22 10:11登录了后台',1,1503367903),(342,1,10,1971858981,'member',10,'望山在2017-08-22 10:12登录了后台',1,1503367933),(343,1,10,1971858981,'member',10,'望山在2017-08-22 10:12登录了后台',1,1503367952),(344,1,10,1971858981,'member',10,'望山在2017-08-22 10:12登录了后台',1,1503367974),(345,1,10,828148831,'member',10,'望山在2017-08-22 10:37登录了后台',1,1503369459),(346,1,10,828148831,'member',10,'望山在2017-08-22 10:39登录了后台',1,1503369595),(347,1,1,828148831,'member',1,'管理员在2017-08-22 10:41登录了后台',1,1503369679),(348,1,10,988867362,'member',10,'望山在2017-08-22 11:31登录了后台',1,1503372700),(349,1,10,828148831,'member',10,'望山在2017-08-22 13:58登录了后台',1,1503381514),(350,1,1,986874810,'member',1,'管理员在2017-08-22 15:36登录了后台',1,1503387409),(351,1,1,988867362,'member',1,'管理员在2017-08-22 16:45登录了后台',1,1503391530),(352,1,1,988867362,'member',1,'管理员在2017-08-23 08:57登录了后台',1,1503449833),(353,1,1,988867362,'member',1,'管理员在2017-08-23 16:56登录了后台',1,1503478580),(354,1,1,988867362,'member',1,'管理员在2017-08-30 09:08登录了后台',1,1504055335),(355,1,10,1971864370,'member',10,'望山在2017-08-30 11:05登录了后台',1,1504062356),(356,1,1,988867362,'member',1,'管理员在2017-08-30 13:19登录了后台',1,1504070379),(357,1,1,988867362,'member',1,'管理员在2017-09-01 14:15登录了后台',1,1504246517),(358,1,1,988867362,'member',1,'管理员在2017-09-01 16:10登录了后台',1,1504253401),(359,1,1,988867362,'member',1,'管理员在2017-09-02 09:23登录了后台',1,1504315425),(360,1,1,988867362,'member',1,'管理员在2017-10-17 10:19登录了后台',1,1508206774),(361,1,1,988867362,'member',1,'管理员在2017-10-17 11:20登录了后台',1,1508210422),(362,1,1,988867362,'member',1,'管理员在2017-10-17 14:46登录了后台',1,1508222806),(363,1,1,988867362,'member',1,'管理员在2017-10-27 09:54登录了后台',1,1509069290),(364,1,1,988867362,'member',1,'管理员在2017-11-13 09:07登录了后台',1,1510535248),(365,1,1,988867362,'member',1,'管理员在2017-12-18 10:11登录了后台',1,1513563086),(366,1,1,988867362,'member',1,'管理员在2017-12-18 14:16登录了后台',1,1513577774),(367,1,1,988867362,'member',1,'管理员在2017-12-24 09:31登录了后台',1,1514079097);

UNLOCK TABLES;

/*Table structure for table `robam_addons` */

DROP TABLE IF EXISTS `robam_addons`;

CREATE TABLE `robam_addons` (
  `id` int(10) unsigned NOT NULL AUTO_INCREMENT COMMENT '主键',
  `name` varchar(40) NOT NULL COMMENT '插件名或标识',
  `title` varchar(20) NOT NULL DEFAULT '' COMMENT '中文名',
  `description` text COMMENT '插件描述',
  `status` tinyint(1) NOT NULL DEFAULT '1' COMMENT '状态',
  `config` text COMMENT '配置',
  `author` varchar(40) DEFAULT '' COMMENT '作者',
  `version` varchar(20) DEFAULT '' COMMENT '版本号',
  `create_time` int(10) unsigned NOT NULL DEFAULT '0' COMMENT '安装时间',
  `has_adminlist` tinyint(1) unsigned NOT NULL DEFAULT '0' COMMENT '是否有后台列表',
  PRIMARY KEY (`id`)
) ENGINE=MyISAM AUTO_INCREMENT=16 DEFAULT CHARSET=utf8 COMMENT='插件表';

/*Data for the table `robam_addons` */

LOCK TABLES `robam_addons` WRITE;

insert  into `robam_addons`(`id`,`name`,`title`,`description`,`status`,`config`,`author`,`version`,`create_time`,`has_adminlist`) values (15,'EditorForAdmin','后台编辑器','用于增强整站长文本的输入和显示',1,'{\"editor_type\":\"2\",\"editor_wysiwyg\":\"1\",\"editor_height\":\"500px\",\"editor_resize_type\":\"1\"}','thinkphp','0.1',1383126253,0),(2,'SiteStat','站点统计信息','统计站点的基础信息',1,'{\"title\":\"\\u7cfb\\u7edf\\u4fe1\\u606f\",\"width\":\"1\",\"display\":\"1\",\"status\":\"0\"}','thinkphp','0.1',1379512015,0),(3,'DevTeam','开发团队信息','开发团队成员信息',1,'{\"title\":\"OneThink\\u5f00\\u53d1\\u56e2\\u961f\",\"width\":\"2\",\"display\":\"1\"}','thinkphp','0.1',1379512022,0),(4,'SystemInfo','系统环境信息','用于显示一些服务器的信息',1,'{\"title\":\"\\u7cfb\\u7edf\\u4fe1\\u606f\",\"width\":\"2\",\"display\":\"1\"}','thinkphp','0.1',1379512036,0),(5,'Editor','前台编辑器','用于增强整站长文本的输入和显示',1,'{\"editor_type\":\"2\",\"editor_wysiwyg\":\"1\",\"editor_height\":\"300px\",\"editor_resize_type\":\"1\"}','thinkphp','0.1',1379830910,0),(6,'Attachment','附件','用于文档模型上传附件',1,'null','thinkphp','0.1',1379842319,1),(9,'SocialComment','通用社交化评论','集成了各种社交化评论插件，轻松集成到系统中。',1,'{\"comment_type\":\"1\",\"comment_uid_youyan\":\"\",\"comment_short_name_duoshuo\":\"\",\"comment_data_list_duoshuo\":\"\"}','thinkphp','0.1',1380273962,0);

UNLOCK TABLES;

/*Table structure for table `robam_attachment` */

DROP TABLE IF EXISTS `robam_attachment`;

CREATE TABLE `robam_attachment` (
  `id` int(10) unsigned NOT NULL AUTO_INCREMENT,
  `uid` int(10) unsigned NOT NULL DEFAULT '0' COMMENT '用户ID',
  `title` char(30) NOT NULL DEFAULT '' COMMENT '附件显示名',
  `type` tinyint(3) unsigned NOT NULL DEFAULT '0' COMMENT '附件类型',
  `source` int(10) unsigned NOT NULL DEFAULT '0' COMMENT '资源ID',
  `record_id` int(10) unsigned NOT NULL DEFAULT '0' COMMENT '关联记录ID',
  `download` int(10) unsigned NOT NULL DEFAULT '0' COMMENT '下载次数',
  `size` bigint(20) unsigned NOT NULL DEFAULT '0' COMMENT '附件大小',
  `dir` int(12) unsigned NOT NULL DEFAULT '0' COMMENT '上级目录ID',
  `sort` int(8) unsigned NOT NULL DEFAULT '0' COMMENT '排序',
  `create_time` int(10) unsigned NOT NULL DEFAULT '0' COMMENT '创建时间',
  `update_time` int(11) unsigned NOT NULL DEFAULT '0' COMMENT '更新时间',
  `status` tinyint(1) NOT NULL DEFAULT '0' COMMENT '状态',
  PRIMARY KEY (`id`),
  KEY `idx_record_status` (`record_id`,`status`)
) ENGINE=MyISAM DEFAULT CHARSET=utf8 COMMENT='附件表';

/*Data for the table `robam_attachment` */

LOCK TABLES `robam_attachment` WRITE;

UNLOCK TABLES;

/*Table structure for table `robam_attribute` */

DROP TABLE IF EXISTS `robam_attribute`;

CREATE TABLE `robam_attribute` (
  `id` int(10) unsigned NOT NULL AUTO_INCREMENT,
  `name` varchar(30) NOT NULL DEFAULT '' COMMENT '字段名',
  `title` varchar(100) NOT NULL DEFAULT '' COMMENT '字段注释',
  `field` varchar(100) NOT NULL DEFAULT '' COMMENT '字段定义',
  `type` varchar(20) NOT NULL DEFAULT '' COMMENT '数据类型',
  `value` varchar(100) NOT NULL DEFAULT '' COMMENT '字段默认值',
  `remark` varchar(100) NOT NULL DEFAULT '' COMMENT '备注',
  `is_show` tinyint(1) unsigned NOT NULL DEFAULT '1' COMMENT '是否显示',
  `extra` varchar(255) NOT NULL DEFAULT '' COMMENT '参数',
  `model_id` int(10) unsigned NOT NULL DEFAULT '0' COMMENT '模型id',
  `is_must` tinyint(1) unsigned NOT NULL DEFAULT '0' COMMENT '是否必填',
  `status` tinyint(2) NOT NULL DEFAULT '0' COMMENT '状态',
  `update_time` int(11) unsigned NOT NULL DEFAULT '0' COMMENT '更新时间',
  `create_time` int(11) unsigned NOT NULL DEFAULT '0' COMMENT '创建时间',
  `validate_rule` varchar(255) NOT NULL,
  `validate_time` tinyint(1) unsigned NOT NULL,
  `error_info` varchar(100) NOT NULL,
  `validate_type` varchar(25) NOT NULL,
  `auto_rule` varchar(100) NOT NULL,
  `auto_time` tinyint(1) unsigned NOT NULL,
  `auto_type` varchar(25) NOT NULL,
  PRIMARY KEY (`id`),
  KEY `model_id` (`model_id`)
) ENGINE=MyISAM AUTO_INCREMENT=33 DEFAULT CHARSET=utf8 COMMENT='模型属性表';

/*Data for the table `robam_attribute` */

LOCK TABLES `robam_attribute` WRITE;

insert  into `robam_attribute`(`id`,`name`,`title`,`field`,`type`,`value`,`remark`,`is_show`,`extra`,`model_id`,`is_must`,`status`,`update_time`,`create_time`,`validate_rule`,`validate_time`,`error_info`,`validate_type`,`auto_rule`,`auto_time`,`auto_type`) values (1,'uid','用户ID','int(10) unsigned NOT NULL ','num','0','',0,'',1,0,1,1384508362,1383891233,'',0,'','','',0,''),(2,'name','标识','char(40) NOT NULL ','string','','同一根节点下标识不重复',1,'',1,0,1,1383894743,1383891233,'',0,'','','',0,''),(3,'title','标题','char(80) NOT NULL ','string','','文档标题',1,'',1,0,1,1383894778,1383891233,'',0,'','','',0,''),(4,'category_id','所属分类','int(10) unsigned NOT NULL ','string','','',0,'',1,0,1,1384508336,1383891233,'',0,'','','',0,''),(5,'description','描述','char(140) NOT NULL ','textarea','','',1,'',1,0,1,1383894927,1383891233,'',0,'','','',0,''),(6,'root','根节点','int(10) unsigned NOT NULL ','num','0','该文档的顶级文档编号',0,'',1,0,1,1384508323,1383891233,'',0,'','','',0,''),(7,'pid','所属ID','int(10) unsigned NOT NULL ','num','0','父文档编号',0,'',1,0,1,1384508543,1383891233,'',0,'','','',0,''),(8,'model_id','内容模型ID','tinyint(3) unsigned NOT NULL ','num','0','该文档所对应的模型',0,'',1,0,1,1384508350,1383891233,'',0,'','','',0,''),(9,'type','内容类型','tinyint(3) unsigned NOT NULL ','select','2','',1,'1:目录\r\n2:主题\r\n3:段落',1,0,1,1384511157,1383891233,'',0,'','','',0,''),(10,'position','推荐位','smallint(5) unsigned NOT NULL ','checkbox','0','多个推荐则将其推荐值相加',1,'1:列表推荐\r\n2:频道页推荐\r\n4:首页推荐',1,0,1,1383895640,1383891233,'',0,'','','',0,''),(11,'link_id','外链','int(10) unsigned NOT NULL ','num','0','0-非外链，大于0-外链ID,需要函数进行链接与编号的转换',1,'',1,0,1,1383895757,1383891233,'',0,'','','',0,''),(12,'cover_id','封面','int(10) unsigned NOT NULL ','picture','0','0-无封面，大于0-封面图片ID，需要函数处理',1,'',1,0,1,1384147827,1383891233,'',0,'','','',0,''),(13,'display','可见性','tinyint(3) unsigned NOT NULL ','radio','1','',1,'0:不可见\r\n1:所有人可见',1,0,1,1386662271,1383891233,'',0,'','regex','',0,'function'),(14,'deadline','截至时间','int(10) unsigned NOT NULL ','datetime','0','0-永久有效',1,'',1,0,1,1387163248,1383891233,'',0,'','regex','',0,'function'),(15,'attach','附件数量','tinyint(3) unsigned NOT NULL ','num','0','',0,'',1,0,1,1387260355,1383891233,'',0,'','regex','',0,'function'),(16,'view','浏览量','int(10) unsigned NOT NULL ','num','0','',1,'',1,0,1,1383895835,1383891233,'',0,'','','',0,''),(17,'comment','评论数','int(10) unsigned NOT NULL ','num','0','',1,'',1,0,1,1383895846,1383891233,'',0,'','','',0,''),(18,'extend','扩展统计字段','int(10) unsigned NOT NULL ','num','0','根据需求自行使用',0,'',1,0,1,1384508264,1383891233,'',0,'','','',0,''),(19,'level','优先级','int(10) unsigned NOT NULL ','num','0','越高排序越靠前',1,'',1,0,1,1383895894,1383891233,'',0,'','','',0,''),(20,'create_time','创建时间','int(10) unsigned NOT NULL ','datetime','0','',1,'',1,0,1,1383895903,1383891233,'',0,'','','',0,''),(21,'update_time','更新时间','int(10) unsigned NOT NULL ','datetime','0','',0,'',1,0,1,1384508277,1383891233,'',0,'','','',0,''),(22,'status','数据状态','tinyint(4) NOT NULL ','radio','0','',0,'-1:删除\r\n0:禁用\r\n1:正常\r\n2:待审核\r\n3:草稿',1,0,1,1384508496,1383891233,'',0,'','','',0,''),(23,'parse','内容解析类型','tinyint(3) unsigned NOT NULL ','select','0','',0,'0:html\r\n1:ubb\r\n2:markdown',2,0,1,1384511049,1383891243,'',0,'','','',0,''),(24,'content','文章内容','text NOT NULL ','editor','','',1,'',2,0,1,1383896225,1383891243,'',0,'','','',0,''),(25,'template','详情页显示模板','varchar(100) NOT NULL ','string','','参照display方法参数的定义',1,'',2,0,1,1383896190,1383891243,'',0,'','','',0,''),(26,'bookmark','收藏数','int(10) unsigned NOT NULL ','num','0','',1,'',2,0,1,1383896103,1383891243,'',0,'','','',0,'');

UNLOCK TABLES;

/*Table structure for table `robam_auth_extend` */

DROP TABLE IF EXISTS `robam_auth_extend`;

CREATE TABLE `robam_auth_extend` (
  `group_id` mediumint(10) unsigned NOT NULL COMMENT '用户id',
  `extend_id` mediumint(8) unsigned NOT NULL COMMENT '扩展表中数据的id',
  `type` tinyint(1) unsigned NOT NULL COMMENT '扩展类型标识 1:栏目分类权限;2:模型权限',
  UNIQUE KEY `group_extend_type` (`group_id`,`extend_id`,`type`),
  KEY `uid` (`group_id`),
  KEY `group_id` (`extend_id`)
) ENGINE=MyISAM DEFAULT CHARSET=utf8 COMMENT='用户组与分类的对应关系表';

/*Data for the table `robam_auth_extend` */

LOCK TABLES `robam_auth_extend` WRITE;

insert  into `robam_auth_extend`(`group_id`,`extend_id`,`type`) values (1,1,1),(1,1,2),(1,2,1),(1,2,2),(1,3,1),(1,3,2),(1,4,1),(1,37,1);

UNLOCK TABLES;

/*Table structure for table `robam_auth_group` */

DROP TABLE IF EXISTS `robam_auth_group`;

CREATE TABLE `robam_auth_group` (
  `id` mediumint(8) unsigned NOT NULL AUTO_INCREMENT COMMENT '用户组id,自增主键',
  `module` varchar(20) NOT NULL COMMENT '用户组所属模块',
  `type` tinyint(4) NOT NULL COMMENT '组类型',
  `title` char(20) NOT NULL DEFAULT '' COMMENT '用户组中文名称',
  `description` varchar(80) NOT NULL DEFAULT '' COMMENT '描述信息',
  `status` tinyint(1) NOT NULL DEFAULT '1' COMMENT '用户组状态：为1正常，为0禁用,-1为删除',
  `rules` varchar(500) NOT NULL DEFAULT '' COMMENT '用户组拥有的规则id，多个规则 , 隔开',
  PRIMARY KEY (`id`)
) ENGINE=MyISAM AUTO_INCREMENT=8 DEFAULT CHARSET=utf8;

/*Data for the table `robam_auth_group` */

LOCK TABLES `robam_auth_group` WRITE;

insert  into `robam_auth_group`(`id`,`module`,`type`,`title`,`description`,`status`,`rules`) values (1,'admin',1,'默认用户组','',-1,'1,2,3,4,5,7,8,9,10,11,12,13,14,15,16,17,18,19,20,21,22,23,24,25,26,27,28,29,30,31,32,33,34,35,36,37,38,39,40,41,42,43,44,45,46,47,48,49,50,51,52,53,54,55,56,57,58,59,60,61,62,63,64,65,66,67,68,69,70,71,72,73,74,79,80,81,82,83,84,86,87,88,89,90,91,92,93,94,95,100,102,103,107,108,109,110,195,205,206,207,208,209,210,212,213,214,215,216'),(2,'admin',1,'测试用户','测试用户',-1,'1,2,5,7,8,9,10,11,12,13,14,15,16,17,18,19,20,21,22,23,24,25,26,27,56,57,58,59,60,61,62,63,64,65,66,67,68,69,70,71,72,73,74,79,80,82,83,84,88,89,90,91,92,93,96,97,100,102,103,195'),(3,'admin',1,'系统管理员','',-1,''),(4,'admin',1,'财务','财务',-1,'3,19,20,21,22,23,24,25,26,27,28,29,30,31,32,33,34,35,36,37,38,39,40,41,88,94,95,107,108,109,110,220,223,224,225,226,227,228,240,241'),(5,'admin',1,'商品','商品',-1,'223,224,240'),(6,'admin',1,'财务部','财务部负责价格维护、提成维护、活动维护',1,'1,28,29,30,31,32,33,34,35,36,37,38,41,108,220,224,226,227,231,232,237,238,239,240,244,247,249,250,251,253,254,255'),(7,'admin',1,'市场部','负责产品图片维护，活动图片维护',1,'1,107,110,224,229,231,232,240,242,243,250');

UNLOCK TABLES;

/*Table structure for table `robam_auth_group_access` */

DROP TABLE IF EXISTS `robam_auth_group_access`;

CREATE TABLE `robam_auth_group_access` (
  `uid` int(10) unsigned NOT NULL COMMENT '用户id',
  `group_id` mediumint(8) unsigned NOT NULL COMMENT '用户组id',
  UNIQUE KEY `uid_group_id` (`uid`,`group_id`),
  KEY `uid` (`uid`),
  KEY `group_id` (`group_id`)
) ENGINE=MyISAM DEFAULT CHARSET=utf8;

/*Data for the table `robam_auth_group_access` */

LOCK TABLES `robam_auth_group_access` WRITE;

insert  into `robam_auth_group_access`(`uid`,`group_id`) values (2,2),(20,4),(21,6),(22,7),(23,6);

UNLOCK TABLES;

/*Table structure for table `robam_auth_rule` */

DROP TABLE IF EXISTS `robam_auth_rule`;

CREATE TABLE `robam_auth_rule` (
  `id` mediumint(8) unsigned NOT NULL AUTO_INCREMENT COMMENT '规则id,自增主键',
  `module` varchar(20) NOT NULL COMMENT '规则所属module',
  `type` tinyint(2) NOT NULL DEFAULT '1' COMMENT '1-url;2-主菜单',
  `name` char(80) NOT NULL DEFAULT '' COMMENT '规则唯一英文标识',
  `title` char(20) NOT NULL DEFAULT '' COMMENT '规则中文描述',
  `status` tinyint(1) NOT NULL DEFAULT '1' COMMENT '是否有效(0:无效,1:有效)',
  `condition` varchar(300) NOT NULL DEFAULT '' COMMENT '规则附加条件',
  PRIMARY KEY (`id`),
  KEY `module` (`module`,`status`,`type`)
) ENGINE=MyISAM AUTO_INCREMENT=256 DEFAULT CHARSET=utf8;

/*Data for the table `robam_auth_rule` */

LOCK TABLES `robam_auth_rule` WRITE;

insert  into `robam_auth_rule`(`id`,`module`,`type`,`name`,`title`,`status`,`condition`) values (1,'admin',2,'Admin/Index/index','首页',1,''),(2,'admin',2,'Admin/Article/mydocument','文档',-1,''),(3,'admin',2,'Admin/User/index','用户',1,''),(4,'admin',2,'Admin/Addons/index','扩展',1,''),(5,'admin',2,'Admin/Config/group','系统',1,''),(7,'admin',1,'Admin/article/add','新增',1,''),(8,'admin',1,'Admin/article/edit','编辑',1,''),(9,'admin',1,'Admin/article/setStatus','改变状态',1,''),(10,'admin',1,'Admin/article/update','保存',1,''),(11,'admin',1,'Admin/article/autoSave','保存草稿',1,''),(12,'admin',1,'Admin/article/move','移动',1,''),(13,'admin',1,'Admin/article/copy','复制',1,''),(14,'admin',1,'Admin/article/paste','粘贴',1,''),(15,'admin',1,'Admin/article/permit','还原',1,''),(16,'admin',1,'Admin/article/clear','清空',1,''),(17,'admin',1,'Admin/article/index','文档列表',1,''),(18,'admin',1,'Admin/article/recycle','回收站',1,''),(19,'admin',1,'Admin/User/addaction','新增用户行为',1,''),(20,'admin',1,'Admin/User/editaction','编辑用户行为',1,''),(21,'admin',1,'Admin/User/saveAction','保存用户行为',1,''),(22,'admin',1,'Admin/User/setStatus','变更行为状态',1,''),(23,'admin',1,'Admin/User/changeStatus?method=forbidUser','禁用会员',1,''),(24,'admin',1,'Admin/User/changeStatus?method=resumeUser','启用会员',1,''),(25,'admin',1,'Admin/User/changeStatus?method=deleteUser','删除会员',1,''),(26,'admin',1,'Admin/user/index','管理员列表',1,''),(27,'admin',1,'Admin/User/action','用户行为',1,''),(28,'admin',1,'Admin/AuthManager/changeStatus?method=deleteGroup','删除',1,''),(29,'admin',1,'Admin/AuthManager/changeStatus?method=forbidGroup','禁用',1,''),(30,'admin',1,'Admin/AuthManager/changeStatus?method=resumeGroup','恢复',1,''),(31,'admin',1,'Admin/AuthManager/createGroup','新增',1,''),(32,'admin',1,'Admin/AuthManager/editGroup','编辑',1,''),(33,'admin',1,'Admin/AuthManager/writeGroup','保存用户组',1,''),(34,'admin',1,'Admin/AuthManager/group','授权',1,''),(35,'admin',1,'Admin/AuthManager/access','访问授权',1,''),(36,'admin',1,'Admin/AuthManager/user','成员授权',1,''),(37,'admin',1,'Admin/AuthManager/removeFromGroup','解除授权',1,''),(38,'admin',1,'Admin/AuthManager/addToGroup','保存成员授权',1,''),(39,'admin',1,'Admin/AuthManager/category','分类授权',1,''),(40,'admin',1,'Admin/AuthManager/addToCategory','保存分类授权',1,''),(41,'admin',1,'Admin/AuthManager/index','权限管理',1,''),(42,'admin',1,'Admin/Addons/create','创建',1,''),(43,'admin',1,'Admin/Addons/checkForm','检测创建',1,''),(44,'admin',1,'Admin/Addons/preview','预览',1,''),(45,'admin',1,'Admin/Addons/build','快速生成插件',1,''),(46,'admin',1,'Admin/Addons/config','设置',1,''),(47,'admin',1,'Admin/Addons/disable','禁用',1,''),(48,'admin',1,'Admin/Addons/enable','启用',1,''),(49,'admin',1,'Admin/Addons/install','安装',1,''),(50,'admin',1,'Admin/Addons/uninstall','卸载',1,''),(51,'admin',1,'Admin/Addons/saveconfig','更新配置',1,''),(52,'admin',1,'Admin/Addons/adminList','插件后台列表',1,''),(53,'admin',1,'Admin/Addons/execute','URL方式访问插件',1,''),(54,'admin',1,'Admin/Addons/index','插件管理',1,''),(55,'admin',1,'Admin/Addons/hooks','钩子管理',1,''),(56,'admin',1,'Admin/model/add','新增',1,''),(57,'admin',1,'Admin/model/edit','编辑',1,''),(58,'admin',1,'Admin/model/setStatus','改变状态',1,''),(59,'admin',1,'Admin/model/update','保存数据',1,''),(60,'admin',1,'Admin/Model/index','模型管理',1,''),(61,'admin',1,'Admin/Config/edit','编辑',1,''),(62,'admin',1,'Admin/Config/del','删除',1,''),(63,'admin',1,'Admin/Config/add','新增',1,''),(64,'admin',1,'Admin/Config/save','保存',1,''),(65,'admin',1,'Admin/Config/group','网站设置',1,''),(66,'admin',1,'Admin/Config/index','配置管理',1,''),(67,'admin',1,'Admin/Channel/add','新增',1,''),(68,'admin',1,'Admin/Channel/edit','编辑',1,''),(69,'admin',1,'Admin/Channel/del','删除',1,''),(70,'admin',1,'Admin/Channel/index','导航管理',1,''),(71,'admin',1,'Admin/Category/edit','编辑',1,''),(72,'admin',1,'Admin/Category/add','新增',1,''),(73,'admin',1,'Admin/Category/remove','删除',1,''),(74,'admin',1,'Admin/Category/index','分类管理',1,''),(75,'admin',1,'Admin/file/upload','上传控件',-1,''),(76,'admin',1,'Admin/file/uploadPicture','上传图片',-1,''),(77,'admin',1,'Admin/file/download','下载',-1,''),(94,'admin',1,'Admin/AuthManager/modelauth','模型授权',1,''),(79,'admin',1,'Admin/article/batchOperate','导入',1,''),(80,'admin',1,'Admin/Database/index?type=export','备份数据库',1,''),(81,'admin',1,'Admin/Database/index?type=import','还原数据库',1,''),(82,'admin',1,'Admin/Database/export','备份',1,''),(83,'admin',1,'Admin/Database/optimize','优化表',1,''),(84,'admin',1,'Admin/Database/repair','修复表',1,''),(86,'admin',1,'Admin/Database/import','恢复',1,''),(87,'admin',1,'Admin/Database/del','删除',1,''),(88,'admin',1,'Admin/User/add','新增用户',-1,''),(89,'admin',1,'Admin/Attribute/index','属性管理',1,''),(90,'admin',1,'Admin/Attribute/add','新增',1,''),(91,'admin',1,'Admin/Attribute/edit','编辑',1,''),(92,'admin',1,'Admin/Attribute/setStatus','改变状态',1,''),(93,'admin',1,'Admin/Attribute/update','保存数据',1,''),(95,'admin',1,'Admin/AuthManager/addToModel','保存模型授权',1,''),(96,'admin',1,'Admin/Category/move','移动',-1,''),(97,'admin',1,'Admin/Category/merge','合并',-1,''),(98,'admin',1,'Admin/Config/menu','后台菜单管理',-1,''),(99,'admin',1,'Admin/Article/mydocument','内容',-1,''),(100,'admin',1,'Admin/Menu/index','菜单管理',1,''),(101,'admin',1,'Admin/other','其他',-1,''),(102,'admin',1,'Admin/Menu/add','新增',1,''),(103,'admin',1,'Admin/Menu/edit','编辑',1,''),(104,'admin',1,'Admin/Think/lists?model=article','文章管理',-1,''),(105,'admin',1,'Admin/Think/lists?model=download','下载管理',1,''),(106,'admin',1,'Admin/Think/lists?model=config','配置管理',1,''),(107,'admin',1,'Admin/Action/actionlog','行为日志',1,''),(108,'admin',1,'Admin/User/updatePassword','修改密码',1,''),(109,'admin',1,'Admin/User/updateNickname','修改昵称',1,''),(110,'admin',1,'Admin/action/edit','查看行为日志',1,''),(205,'admin',1,'Admin/think/add','新增数据',1,''),(111,'admin',2,'Admin/article/index','文档列表',-1,''),(112,'admin',2,'Admin/article/add','新增',-1,''),(113,'admin',2,'Admin/article/edit','编辑',-1,''),(114,'admin',2,'Admin/article/setStatus','改变状态',-1,''),(115,'admin',2,'Admin/article/update','保存',-1,''),(116,'admin',2,'Admin/article/autoSave','保存草稿',-1,''),(117,'admin',2,'Admin/article/move','移动',-1,''),(118,'admin',2,'Admin/article/copy','复制',-1,''),(119,'admin',2,'Admin/article/paste','粘贴',-1,''),(120,'admin',2,'Admin/article/batchOperate','导入',-1,''),(121,'admin',2,'Admin/article/recycle','回收站',-1,''),(122,'admin',2,'Admin/article/permit','还原',-1,''),(123,'admin',2,'Admin/article/clear','清空',-1,''),(124,'admin',2,'Admin/User/add','新增用户',-1,''),(125,'admin',2,'Admin/User/action','用户行为',-1,''),(126,'admin',2,'Admin/User/addAction','新增用户行为',-1,''),(127,'admin',2,'Admin/User/editAction','编辑用户行为',-1,''),(128,'admin',2,'Admin/User/saveAction','保存用户行为',-1,''),(129,'admin',2,'Admin/User/setStatus','变更行为状态',-1,''),(130,'admin',2,'Admin/User/changeStatus?method=forbidUser','禁用会员',-1,''),(131,'admin',2,'Admin/User/changeStatus?method=resumeUser','启用会员',-1,''),(132,'admin',2,'Admin/User/changeStatus?method=deleteUser','删除会员',-1,''),(133,'admin',2,'Admin/AuthManager/index','权限管理',-1,''),(134,'admin',2,'Admin/AuthManager/changeStatus?method=deleteGroup','删除',-1,''),(135,'admin',2,'Admin/AuthManager/changeStatus?method=forbidGroup','禁用',-1,''),(136,'admin',2,'Admin/AuthManager/changeStatus?method=resumeGroup','恢复',-1,''),(137,'admin',2,'Admin/AuthManager/createGroup','新增',-1,''),(138,'admin',2,'Admin/AuthManager/editGroup','编辑',-1,''),(139,'admin',2,'Admin/AuthManager/writeGroup','保存用户组',-1,''),(140,'admin',2,'Admin/AuthManager/group','授权',-1,''),(141,'admin',2,'Admin/AuthManager/access','访问授权',-1,''),(142,'admin',2,'Admin/AuthManager/user','成员授权',-1,''),(143,'admin',2,'Admin/AuthManager/removeFromGroup','解除授权',-1,''),(144,'admin',2,'Admin/AuthManager/addToGroup','保存成员授权',-1,''),(145,'admin',2,'Admin/AuthManager/category','分类授权',-1,''),(146,'admin',2,'Admin/AuthManager/addToCategory','保存分类授权',-1,''),(147,'admin',2,'Admin/AuthManager/modelauth','模型授权',-1,''),(148,'admin',2,'Admin/AuthManager/addToModel','保存模型授权',-1,''),(149,'admin',2,'Admin/Addons/create','创建',-1,''),(150,'admin',2,'Admin/Addons/checkForm','检测创建',-1,''),(151,'admin',2,'Admin/Addons/preview','预览',-1,''),(152,'admin',2,'Admin/Addons/build','快速生成插件',-1,''),(153,'admin',2,'Admin/Addons/config','设置',-1,''),(154,'admin',2,'Admin/Addons/disable','禁用',-1,''),(155,'admin',2,'Admin/Addons/enable','启用',-1,''),(156,'admin',2,'Admin/Addons/install','安装',-1,''),(157,'admin',2,'Admin/Addons/uninstall','卸载',-1,''),(158,'admin',2,'Admin/Addons/saveconfig','更新配置',-1,''),(159,'admin',2,'Admin/Addons/adminList','插件后台列表',-1,''),(160,'admin',2,'Admin/Addons/execute','URL方式访问插件',-1,''),(161,'admin',2,'Admin/Addons/hooks','钩子管理',-1,''),(162,'admin',2,'Admin/Model/index','模型管理',-1,''),(163,'admin',2,'Admin/model/add','新增',-1,''),(164,'admin',2,'Admin/model/edit','编辑',-1,''),(165,'admin',2,'Admin/model/setStatus','改变状态',-1,''),(166,'admin',2,'Admin/model/update','保存数据',-1,''),(167,'admin',2,'Admin/Attribute/index','属性管理',-1,''),(168,'admin',2,'Admin/Attribute/add','新增',-1,''),(169,'admin',2,'Admin/Attribute/edit','编辑',-1,''),(170,'admin',2,'Admin/Attribute/setStatus','改变状态',-1,''),(171,'admin',2,'Admin/Attribute/update','保存数据',-1,''),(172,'admin',2,'Admin/Config/index','配置管理',-1,''),(173,'admin',2,'Admin/Config/edit','编辑',-1,''),(174,'admin',2,'Admin/Config/del','删除',-1,''),(175,'admin',2,'Admin/Config/add','新增',-1,''),(176,'admin',2,'Admin/Config/save','保存',-1,''),(177,'admin',2,'Admin/Menu/index','菜单管理',-1,''),(178,'admin',2,'Admin/Channel/index','导航管理',-1,''),(179,'admin',2,'Admin/Channel/add','新增',-1,''),(180,'admin',2,'Admin/Channel/edit','编辑',-1,''),(181,'admin',2,'Admin/Channel/del','删除',-1,''),(182,'admin',2,'Admin/Category/index','分类管理',-1,''),(183,'admin',2,'Admin/Category/edit','编辑',-1,''),(184,'admin',2,'Admin/Category/add','新增',-1,''),(185,'admin',2,'Admin/Category/remove','删除',-1,''),(186,'admin',2,'Admin/Category/move','移动',-1,''),(187,'admin',2,'Admin/Category/merge','合并',-1,''),(188,'admin',2,'Admin/Database/index?type=export','备份数据库',-1,''),(189,'admin',2,'Admin/Database/export','备份',-1,''),(190,'admin',2,'Admin/Database/optimize','优化表',-1,''),(191,'admin',2,'Admin/Database/repair','修复表',-1,''),(192,'admin',2,'Admin/Database/index?type=import','还原数据库',-1,''),(193,'admin',2,'Admin/Database/import','恢复',-1,''),(194,'admin',2,'Admin/Database/del','删除',-1,''),(195,'admin',2,'Admin/other','其他',1,''),(196,'admin',2,'Admin/Menu/add','新增',-1,''),(197,'admin',2,'Admin/Menu/edit','编辑',-1,''),(198,'admin',2,'Admin/Think/lists?model=article','应用',-1,''),(199,'admin',2,'Admin/Think/lists?model=download','下载管理',-1,''),(200,'admin',2,'Admin/Think/lists?model=config','应用',-1,''),(201,'admin',2,'Admin/Action/actionlog','行为日志',-1,''),(202,'admin',2,'Admin/User/updatePassword','修改密码',-1,''),(203,'admin',2,'Admin/User/updateNickname','修改昵称',-1,''),(204,'admin',2,'Admin/action/edit','查看行为日志',-1,''),(206,'admin',1,'Admin/think/edit','编辑数据',1,''),(207,'admin',1,'Admin/Menu/import','导入',1,''),(208,'admin',1,'Admin/Model/generate','生成',1,''),(209,'admin',1,'Admin/Addons/addHook','新增钩子',1,''),(210,'admin',1,'Admin/Addons/edithook','编辑钩子',1,''),(211,'admin',1,'Admin/Article/sort','文档排序',1,''),(212,'admin',1,'Admin/Config/sort','排序',1,''),(213,'admin',1,'Admin/Menu/sort','排序',1,''),(214,'admin',1,'Admin/Channel/sort','排序',1,''),(215,'admin',1,'Admin/Category/operate/type/move','移动',1,''),(216,'admin',1,'Admin/Category/operate/type/merge','合并',1,''),(217,'admin',2,'Admin/j','任务',-1,''),(218,'admin',2,'Admin/1','奖励',-1,''),(219,'admin',2,'Admin/order/index','订单',-1,''),(220,'admin',1,'Admin/agent/categoryRate','奖励维护',1,''),(221,'admin',1,'Admin/Task/index','用户列表',1,''),(222,'admin',1,'Admin/Reward/index','奖励维护',1,''),(223,'admin',1,'Admin/goods/index','商品列表',-1,''),(224,'admin',1,'Admin/goods/edit','修改商品',1,''),(225,'admin',1,'Admin/orders/index','订单列表',1,''),(226,'admin',1,'Admin/agent/task','指标设置',1,''),(227,'admin',1,'Admin/agent/taskdetail','任务明细',1,''),(228,'admin',1,'Admin/user/edit','编辑用户',-1,''),(229,'admin',1,'Admin/marketing/index','轮播图',1,''),(230,'admin',1,'Admin/active/price','价格管理',-1,''),(231,'admin',1,'Admin/notice/index','公告列表',1,''),(232,'admin',1,'Admin/notice/add',' 新增公告',1,''),(233,'admin',1,'Admin/notice/edit','修改公告',1,''),(234,'admin',1,'Admin/notice/del','删除公告',1,''),(235,'admin',1,'Admin/active/add','活动添加',-1,''),(236,'admin',1,'Admin/active/edit','活动修改',1,''),(237,'admin',1,'Admin/city/index','送货区域',1,''),(238,'admin',1,'Admin/City/add','新增区域',1,''),(239,'admin',1,'Admin/City/edit','编辑区域',1,''),(240,'admin',2,'Admin/Goods/index?status=2','商品',1,''),(241,'admin',2,'Admin/orders/index','订单',1,''),(242,'admin',2,'Admin/notice/index','公告',1,''),(243,'admin',2,'Admin/marketing/index','设置',1,''),(244,'admin',1,'Admin/active/item','单品活动',1,''),(245,'admin',1,'Admin/active/edititem','活动添加',1,''),(246,'admin',1,'Admin/active/promotion','促销活动',-1,''),(247,'admin',1,'Admin/active/orders','订单活动',1,''),(248,'admin',1,'Admin/active/editorders','活动编辑',1,''),(249,'admin',1,'Admin/Agent/add','新增渠道商',1,''),(250,'admin',1,'Admin/Goods/index?status=2','商品维护',1,''),(251,'admin',1,'Admin/Agent/edit','编辑渠道商',1,''),(252,'admin',1,'Admin/price/index','价格维护',-1,''),(253,'admin',1,'Admin/Agent/index','渠道商列表',1,''),(254,'admin',1,'Admin/goods/edit_price','修改价格',1,''),(255,'admin',1,'Admin/Goods/index_price?status=2','价格维护',1,'');

UNLOCK TABLES;

/*Table structure for table `robam_category` */

DROP TABLE IF EXISTS `robam_category`;

CREATE TABLE `robam_category` (
  `id` int(10) unsigned NOT NULL AUTO_INCREMENT COMMENT '分类ID',
  `name` varchar(30) NOT NULL COMMENT '标志',
  `title` varchar(50) NOT NULL COMMENT '标题',
  `pid` int(10) unsigned NOT NULL DEFAULT '0' COMMENT '上级分类ID',
  `sort` int(10) unsigned NOT NULL DEFAULT '0' COMMENT '排序（同级有效）',
  `list_row` tinyint(3) unsigned NOT NULL DEFAULT '10' COMMENT '列表每页行数',
  `meta_title` varchar(50) NOT NULL DEFAULT '' COMMENT 'SEO的网页标题',
  `keywords` varchar(255) NOT NULL DEFAULT '' COMMENT '关键字',
  `description` varchar(255) NOT NULL DEFAULT '' COMMENT '描述',
  `template_index` varchar(100) NOT NULL COMMENT '频道页模板',
  `template_lists` varchar(100) NOT NULL COMMENT '列表页模板',
  `template_detail` varchar(100) NOT NULL COMMENT '详情页模板',
  `template_edit` varchar(100) NOT NULL COMMENT '编辑页模板',
  `model` varchar(100) NOT NULL DEFAULT '' COMMENT '关联模型',
  `type` varchar(100) NOT NULL DEFAULT '' COMMENT '允许发布的内容类型',
  `link_id` int(10) unsigned NOT NULL DEFAULT '0' COMMENT '外链',
  `allow_publish` tinyint(3) unsigned NOT NULL DEFAULT '0' COMMENT '是否允许发布内容',
  `display` tinyint(3) unsigned NOT NULL DEFAULT '0' COMMENT '可见性',
  `reply` tinyint(3) unsigned NOT NULL DEFAULT '0' COMMENT '是否允许回复',
  `check` tinyint(3) unsigned NOT NULL DEFAULT '0' COMMENT '发布的文章是否需要审核',
  `reply_model` varchar(100) NOT NULL DEFAULT '',
  `extend` text NOT NULL COMMENT '扩展设置',
  `create_time` int(10) unsigned NOT NULL DEFAULT '0' COMMENT '创建时间',
  `update_time` int(10) unsigned NOT NULL DEFAULT '0' COMMENT '更新时间',
  `status` tinyint(4) NOT NULL DEFAULT '0' COMMENT '数据状态',
  `icon` int(10) unsigned NOT NULL DEFAULT '0' COMMENT '分类图标',
  PRIMARY KEY (`id`),
  UNIQUE KEY `uk_name` (`name`),
  KEY `pid` (`pid`)
) ENGINE=MyISAM AUTO_INCREMENT=39 DEFAULT CHARSET=utf8 COMMENT='分类表';

/*Data for the table `robam_category` */

LOCK TABLES `robam_category` WRITE;

UNLOCK TABLES;

/*Table structure for table `robam_channel` */

DROP TABLE IF EXISTS `robam_channel`;

CREATE TABLE `robam_channel` (
  `id` int(10) unsigned NOT NULL AUTO_INCREMENT COMMENT '频道ID',
  `pid` int(10) unsigned NOT NULL DEFAULT '0' COMMENT '上级频道ID',
  `title` char(30) NOT NULL COMMENT '频道标题',
  `url` char(100) NOT NULL COMMENT '频道连接',
  `sort` int(10) unsigned NOT NULL DEFAULT '0' COMMENT '导航排序',
  `create_time` int(10) unsigned NOT NULL DEFAULT '0' COMMENT '创建时间',
  `update_time` int(10) unsigned NOT NULL DEFAULT '0' COMMENT '更新时间',
  `status` tinyint(4) NOT NULL DEFAULT '0' COMMENT '状态',
  `target` tinyint(2) unsigned NOT NULL DEFAULT '0' COMMENT '新窗口打开',
  PRIMARY KEY (`id`),
  KEY `pid` (`pid`)
) ENGINE=MyISAM AUTO_INCREMENT=4 DEFAULT CHARSET=utf8;

/*Data for the table `robam_channel` */

LOCK TABLES `robam_channel` WRITE;

UNLOCK TABLES;

/*Table structure for table `robam_config` */

DROP TABLE IF EXISTS `robam_config`;

CREATE TABLE `robam_config` (
  `id` int(10) unsigned NOT NULL AUTO_INCREMENT COMMENT '配置ID',
  `name` varchar(30) NOT NULL DEFAULT '' COMMENT '配置名称',
  `type` tinyint(3) unsigned NOT NULL DEFAULT '0' COMMENT '配置类型',
  `title` varchar(50) NOT NULL DEFAULT '' COMMENT '配置说明',
  `group` tinyint(3) unsigned NOT NULL DEFAULT '0' COMMENT '配置分组',
  `extra` varchar(255) NOT NULL DEFAULT '' COMMENT '配置值',
  `remark` varchar(100) NOT NULL COMMENT '配置说明',
  `create_time` int(10) unsigned NOT NULL DEFAULT '0' COMMENT '创建时间',
  `update_time` int(10) unsigned NOT NULL DEFAULT '0' COMMENT '更新时间',
  `status` tinyint(4) NOT NULL DEFAULT '0' COMMENT '状态',
  `value` text NOT NULL COMMENT '配置值',
  `sort` smallint(3) unsigned NOT NULL DEFAULT '0' COMMENT '排序',
  PRIMARY KEY (`id`),
  UNIQUE KEY `uk_name` (`name`),
  KEY `type` (`type`),
  KEY `group` (`group`)
) ENGINE=MyISAM AUTO_INCREMENT=38 DEFAULT CHARSET=utf8;

/*Data for the table `robam_config` */

LOCK TABLES `robam_config` WRITE;

insert  into `robam_config`(`id`,`name`,`type`,`title`,`group`,`extra`,`remark`,`create_time`,`update_time`,`status`,`value`,`sort`) values (1,'WEB_SITE_TITLE',1,'网站标题',1,'','网站标题前台显示标题',1378898976,1379235274,1,'robam',0),(2,'WEB_SITE_DESCRIPTION',2,'网站描述',1,'','网站搜索引擎描述',1378898976,1379235841,1,'',1),(3,'WEB_SITE_KEYWORD',2,'网站关键字',1,'','网站搜索引擎关键字',1378898976,1381390100,1,'robam,老板',8),(4,'WEB_SITE_CLOSE',4,'关闭站点',1,'0:关闭,1:开启','站点关闭后其他用户不能访问，管理员可以正常访问',1378898976,1379235296,1,'1',1),(9,'CONFIG_TYPE_LIST',3,'配置类型列表',4,'','主要用于数据解析和页面表单的生成',1378898976,1379235348,1,'0:数字\r\n1:字符\r\n2:文本\r\n3:数组\r\n4:枚举',2),(10,'WEB_SITE_ICP',1,'网站备案号',1,'','设置在网站底部显示的备案号，如“沪ICP备12007941号-2',1378900335,1379235859,1,'',9),(11,'DOCUMENT_POSITION',3,'文档推荐位',2,'','文档推荐位，推荐到多个位置KEY值相加即可',1379053380,1379235329,1,'1:列表页推荐\r\n2:频道页推荐\r\n4:网站首页推荐',3),(12,'DOCUMENT_DISPLAY',3,'文档可见性',2,'','文章可见性仅影响前台显示，后台不收影响',1379056370,1379235322,1,'0:所有人可见\r\n1:仅注册会员可见\r\n2:仅管理员可见',4),(13,'COLOR_STYLE',4,'后台色系',1,'default_color:默认\r\nblue_color:紫罗兰','后台颜色风格',1379122533,1379235904,1,'default_color',10),(20,'CONFIG_GROUP_LIST',3,'配置分组',4,'','配置分组',1379228036,1384418383,1,'1:基本\r\n2:内容\r\n3:用户\r\n4:系统',4),(21,'HOOKS_TYPE',3,'钩子的类型',4,'','类型 1-用于扩展显示内容，2-用于扩展业务处理',1379313397,1379313407,1,'1:视图\r\n2:控制器',6),(22,'AUTH_CONFIG',3,'Auth配置',4,'','自定义Auth.class.php类配置',1379409310,1379409564,1,'AUTH_ON:1\r\nAUTH_TYPE:2',8),(23,'OPEN_DRAFTBOX',4,'是否开启草稿功能',2,'0:关闭草稿功能\r\n1:开启草稿功能\r\n','新增文章时的草稿功能配置',1379484332,1379484591,1,'1',1),(24,'DRAFT_AOTOSAVE_INTERVAL',0,'自动保存草稿时间',2,'','自动保存草稿的时间间隔，单位：秒',1379484574,1386143323,1,'60',2),(25,'LIST_ROWS',0,'后台每页记录数',2,'','后台数据每页显示记录数',1379503896,1380427745,1,'10',10),(26,'USER_ALLOW_REGISTER',4,'是否允许用户注册',3,'0:关闭注册\r\n1:允许注册','是否开放用户注册',1379504487,1379504580,1,'1',3),(27,'CODEMIRROR_THEME',4,'预览插件的CodeMirror主题',4,'3024-day:3024 day\r\n3024-night:3024 night\r\nambiance:ambiance\r\nbase16-dark:base16 dark\r\nbase16-light:base16 light\r\nblackboard:blackboard\r\ncobalt:cobalt\r\neclipse:eclipse\r\nelegant:elegant\r\nerlang-dark:erlang-dark\r\nlesser-dark:lesser-dark\r\nmidnight:midnight','详情见CodeMirror官网',1379814385,1384740813,1,'ambiance',3),(28,'DATA_BACKUP_PATH',1,'数据库备份根路径',4,'','路径必须以 / 结尾',1381482411,1381482411,1,'./Data/',5),(29,'DATA_BACKUP_PART_SIZE',0,'数据库备份卷大小',4,'','该值用于限制压缩后的分卷最大长度。单位：B；建议设置20M',1381482488,1381729564,1,'20971520',7),(30,'DATA_BACKUP_COMPRESS',4,'数据库备份文件是否启用压缩',4,'0:不压缩\r\n1:启用压缩','压缩备份文件需要PHP环境支持gzopen,gzwrite函数',1381713345,1381729544,1,'1',9),(31,'DATA_BACKUP_COMPRESS_LEVEL',4,'数据库备份文件压缩级别',4,'1:普通\r\n4:一般\r\n9:最高','数据库备份文件的压缩级别，该配置在开启压缩时生效',1381713408,1381713408,1,'9',10),(32,'DEVELOP_MODE',4,'开启开发者模式',4,'0:关闭\r\n1:开启','是否开启开发者模式',1383105995,1383291877,1,'1',11),(33,'ALLOW_VISIT',3,'不受限控制器方法',0,'','',1386644047,1386644741,1,'0:article/draftbox\r\n1:article/mydocument\r\n2:Category/tree\r\n3:Index/verify\r\n4:file/upload\r\n5:file/download\r\n6:user/updatePassword\r\n7:user/updateNickname\r\n8:user/submitPassword\r\n9:user/submitNickname\r\n10:file/uploadpicture',0),(34,'DENY_VISIT',3,'超管专限控制器方法',0,'','仅超级管理员可访问的控制器方法',1386644141,1386644659,1,'0:Addons/addhook\r\n1:Addons/edithook\r\n2:Addons/delhook\r\n3:Addons/updateHook\r\n4:Admin/getMenus\r\n5:Admin/recordList\r\n6:AuthManager/updateRules\r\n7:AuthManager/tree',0),(35,'REPLY_LIST_ROWS',0,'回复列表每页条数',2,'','',1386645376,1387178083,1,'10',0),(36,'ADMIN_ALLOW_IP',2,'后台允许访问IP',4,'','多个用逗号分隔，如果不配置表示不限制IP访问',1387165454,1387165553,1,'',12),(37,'SHOW_PAGE_TRACE',4,'是否显示页面Trace',4,'0:关闭\r\n1:开启','是否显示页面Trace信息',1387165685,1387165685,1,'0',1);

UNLOCK TABLES;

/*Table structure for table `robam_document` */

DROP TABLE IF EXISTS `robam_document`;

CREATE TABLE `robam_document` (
  `id` int(10) unsigned NOT NULL AUTO_INCREMENT COMMENT '文档ID',
  `uid` int(10) unsigned NOT NULL DEFAULT '0' COMMENT '用户ID',
  `name` char(40) NOT NULL DEFAULT '' COMMENT '标识',
  `title` char(80) NOT NULL DEFAULT '' COMMENT '标题',
  `category_id` int(10) unsigned NOT NULL COMMENT '所属分类',
  `description` char(140) NOT NULL DEFAULT '' COMMENT '描述',
  `root` int(10) unsigned NOT NULL DEFAULT '0' COMMENT '根节点',
  `pid` int(10) unsigned NOT NULL DEFAULT '0' COMMENT '所属ID',
  `model_id` tinyint(3) unsigned NOT NULL DEFAULT '0' COMMENT '内容模型ID',
  `type` tinyint(3) unsigned NOT NULL DEFAULT '2' COMMENT '内容类型',
  `position` smallint(5) unsigned NOT NULL DEFAULT '0' COMMENT '推荐位',
  `link_id` int(10) unsigned NOT NULL DEFAULT '0' COMMENT '外链',
  `cover_id` int(10) unsigned NOT NULL DEFAULT '0' COMMENT '封面',
  `display` tinyint(3) unsigned NOT NULL DEFAULT '1' COMMENT '可见性',
  `deadline` int(10) unsigned NOT NULL DEFAULT '0' COMMENT '截至时间',
  `attach` tinyint(3) unsigned NOT NULL DEFAULT '0' COMMENT '附件数量',
  `view` int(10) unsigned NOT NULL DEFAULT '0' COMMENT '浏览量',
  `comment` int(10) unsigned NOT NULL DEFAULT '0' COMMENT '评论数',
  `extend` int(10) unsigned NOT NULL DEFAULT '0' COMMENT '扩展统计字段',
  `level` int(10) NOT NULL DEFAULT '0' COMMENT '优先级',
  `create_time` int(10) unsigned NOT NULL DEFAULT '0' COMMENT '创建时间',
  `update_time` int(10) unsigned NOT NULL DEFAULT '0' COMMENT '更新时间',
  `status` tinyint(4) NOT NULL DEFAULT '0' COMMENT '数据状态',
  PRIMARY KEY (`id`),
  KEY `idx_category_status` (`category_id`,`status`),
  KEY `idx_status_type_pid` (`status`,`uid`,`pid`)
) ENGINE=MyISAM AUTO_INCREMENT=2 DEFAULT CHARSET=utf8 COMMENT='文档模型基础表';

/*Data for the table `robam_document` */

LOCK TABLES `robam_document` WRITE;

UNLOCK TABLES;

/*Table structure for table `robam_document_article` */

DROP TABLE IF EXISTS `robam_document_article`;

CREATE TABLE `robam_document_article` (
  `id` int(10) unsigned NOT NULL DEFAULT '0' COMMENT '文档ID',
  `parse` tinyint(3) unsigned NOT NULL DEFAULT '0' COMMENT '内容解析类型',
  `content` text NOT NULL COMMENT '文章内容',
  `template` varchar(100) NOT NULL DEFAULT '' COMMENT '详情页显示模板',
  `bookmark` int(10) unsigned NOT NULL DEFAULT '0' COMMENT '收藏数',
  PRIMARY KEY (`id`)
) ENGINE=MyISAM DEFAULT CHARSET=utf8 COMMENT='文档模型文章表';

/*Data for the table `robam_document_article` */

LOCK TABLES `robam_document_article` WRITE;

UNLOCK TABLES;

/*Table structure for table `robam_document_download` */

DROP TABLE IF EXISTS `robam_document_download`;

CREATE TABLE `robam_document_download` (
  `id` int(10) unsigned NOT NULL DEFAULT '0' COMMENT '文档ID',
  `parse` tinyint(3) unsigned NOT NULL DEFAULT '0' COMMENT '内容解析类型',
  `content` text NOT NULL COMMENT '下载详细描述',
  `template` varchar(100) NOT NULL DEFAULT '' COMMENT '详情页显示模板',
  `file_id` int(10) unsigned NOT NULL DEFAULT '0' COMMENT '文件ID',
  `download` int(10) unsigned NOT NULL DEFAULT '0' COMMENT '下载次数',
  `size` bigint(20) unsigned NOT NULL DEFAULT '0' COMMENT '文件大小',
  PRIMARY KEY (`id`)
) ENGINE=MyISAM DEFAULT CHARSET=utf8 COMMENT='文档模型下载表';

/*Data for the table `robam_document_download` */

LOCK TABLES `robam_document_download` WRITE;

UNLOCK TABLES;

/*Table structure for table `robam_file` */

DROP TABLE IF EXISTS `robam_file`;

CREATE TABLE `robam_file` (
  `id` int(10) unsigned NOT NULL AUTO_INCREMENT COMMENT '文件ID',
  `name` char(30) NOT NULL DEFAULT '' COMMENT '原始文件名',
  `savename` char(20) NOT NULL DEFAULT '' COMMENT '保存名称',
  `savepath` char(30) NOT NULL DEFAULT '' COMMENT '文件保存路径',
  `ext` char(5) NOT NULL DEFAULT '' COMMENT '文件后缀',
  `mime` char(40) NOT NULL DEFAULT '' COMMENT '文件mime类型',
  `size` int(10) unsigned NOT NULL DEFAULT '0' COMMENT '文件大小',
  `md5` char(32) NOT NULL DEFAULT '' COMMENT '文件md5',
  `sha1` char(40) NOT NULL DEFAULT '' COMMENT '文件 sha1编码',
  `location` tinyint(3) unsigned NOT NULL DEFAULT '0' COMMENT '文件保存位置',
  `create_time` int(10) unsigned NOT NULL COMMENT '上传时间',
  PRIMARY KEY (`id`),
  UNIQUE KEY `uk_md5` (`md5`)
) ENGINE=MyISAM DEFAULT CHARSET=utf8 COMMENT='文件表';

/*Data for the table `robam_file` */

LOCK TABLES `robam_file` WRITE;

UNLOCK TABLES;

/*Table structure for table `robam_hooks` */

DROP TABLE IF EXISTS `robam_hooks`;

CREATE TABLE `robam_hooks` (
  `id` int(10) unsigned NOT NULL AUTO_INCREMENT COMMENT '主键',
  `name` varchar(40) NOT NULL DEFAULT '' COMMENT '钩子名称',
  `description` text NOT NULL COMMENT '描述',
  `type` tinyint(1) unsigned NOT NULL DEFAULT '1' COMMENT '类型',
  `update_time` int(10) unsigned NOT NULL DEFAULT '0' COMMENT '更新时间',
  `addons` varchar(255) NOT NULL DEFAULT '' COMMENT '钩子挂载的插件 ''，''分割',
  PRIMARY KEY (`id`),
  UNIQUE KEY `name` (`name`)
) ENGINE=MyISAM AUTO_INCREMENT=17 DEFAULT CHARSET=utf8;

/*Data for the table `robam_hooks` */

LOCK TABLES `robam_hooks` WRITE;

insert  into `robam_hooks`(`id`,`name`,`description`,`type`,`update_time`,`addons`) values (1,'pageHeader','页面header钩子，一般用于加载插件CSS文件和代码',1,0,''),(2,'pageFooter','页面footer钩子，一般用于加载插件JS文件和JS代码',1,0,'ReturnTop'),(3,'documentEditForm','添加编辑表单的 扩展内容钩子',1,0,'Attachment'),(4,'documentDetailAfter','文档末尾显示',1,0,'Attachment,SocialComment'),(5,'documentDetailBefore','页面内容前显示用钩子',1,0,''),(6,'documentSaveComplete','保存文档数据后的扩展钩子',2,0,'Attachment'),(7,'documentEditFormContent','添加编辑表单的内容显示钩子',1,0,'Editor'),(8,'adminArticleEdit','后台内容编辑页编辑器',1,1378982734,'EditorForAdmin'),(13,'AdminIndex','首页小格子个性化显示',1,1382596073,'SiteStat,SystemInfo,DevTeam'),(14,'topicComment','评论提交方式扩展钩子。',1,1380163518,'Editor'),(16,'app_begin','应用开始',2,1384481614,'');

UNLOCK TABLES;

/*Table structure for table `robam_member` */

DROP TABLE IF EXISTS `robam_member`;

CREATE TABLE `robam_member` (
  `uid` int(10) unsigned NOT NULL AUTO_INCREMENT COMMENT '用户ID',
  `nickname` char(16) NOT NULL DEFAULT '' COMMENT '姓名',
  `sex` tinyint(3) unsigned NOT NULL DEFAULT '0' COMMENT '性别',
  `birthday` date NOT NULL DEFAULT '0000-00-00' COMMENT '生日',
  `qq` char(10) NOT NULL DEFAULT '' COMMENT 'qq号',
  `score` mediumint(8) NOT NULL DEFAULT '0' COMMENT '用户积分',
  `openid` varchar(125) NOT NULL COMMENT '微信相关信息,账户1:N微信账号',
  `login` int(10) unsigned NOT NULL DEFAULT '0' COMMENT '登录次数',
  `reg_ip` bigint(20) NOT NULL DEFAULT '0' COMMENT '注册IP',
  `reg_time` int(10) unsigned NOT NULL DEFAULT '0' COMMENT '注册时间',
  `last_login_ip` bigint(20) NOT NULL DEFAULT '0' COMMENT '最后登录IP',
  `last_login_time` int(10) unsigned NOT NULL DEFAULT '0' COMMENT '最后登录时间',
  `status` tinyint(4) NOT NULL DEFAULT '0' COMMENT '会员状态',
  `type` varchar(64) NOT NULL DEFAULT '0' COMMENT '用户类型 1:设计师 2:C类客户',
  `company` varchar(128) NOT NULL DEFAULT '' COMMENT '公司名称',
  `area` varchar(64) NOT NULL DEFAULT '' COMMENT '所属区域',
  `bank_name` varchar(128) NOT NULL DEFAULT '' COMMENT '银行名称',
  `bank_open_name` varchar(128) NOT NULL DEFAULT '' COMMENT '开户行名称',
  `bank_card` varchar(64) NOT NULL DEFAULT '' COMMENT '银行卡号',
  `update_time` int(11) DEFAULT NULL COMMENT '更新时间',
  `leader` varchar(64) NOT NULL COMMENT '负责人',
  `leader_phone` varchar(16) NOT NULL COMMENT '负责人电话',
  PRIMARY KEY (`uid`),
  KEY `status` (`status`)
) ENGINE=MyISAM AUTO_INCREMENT=24 DEFAULT CHARSET=utf8 COMMENT='会员表';

/*Data for the table `robam_member` */

LOCK TABLES `robam_member` WRITE;

insert  into `robam_member`(`uid`,`nickname`,`sex`,`birthday`,`qq`,`score`,`openid`,`login`,`reg_ip`,`reg_time`,`last_login_ip`,`last_login_time`,`status`,`type`,`company`,`area`,`bank_name`,`bank_open_name`,`bank_card`,`update_time`,`leader`,`leader_phone`) values (1,'管理员',0,'0000-00-00','',500,'2',131,0,1486198171,988867362,1514079097,1,'0','','','','','',NULL,'文强',''),(10,'望山',0,'0000-00-00','',130,'2',81,0,0,1971864370,1504062356,1,'C类客户','','相城区','','','',1502156926,'文强','324354656'),(11,'孙勇',0,'0000-00-00','',30,'2',3,0,0,3232235777,1500970304,-1,'C类客户','中国移动苏州分公司','吴江区','工商银行','红中','23434545645456',1502158681,'文强',''),(12,'系统管理员',0,'0000-00-00','',0,'',0,0,0,0,0,1,'0','','','','','',NULL,'文强',''),(2,'王华',0,'0000-00-00','',50,'',11,0,0,1926817254,1503319777,1,'设计师','京东方光科技有限公司','张家港市','农业银行','发财','101010292374937494',1493688074,'文强',''),(17,'渠道上测试',0,'0000-00-00','',0,'',0,0,0,0,0,-1,'设计师','移动','','张山','农行','11233',1502159759,'张山','16547656872'),(18,'zhanghan',0,'0000-00-00','',0,'',0,0,0,0,0,1,'设计师','移动','常熟市','农行','张山','123132445',NULL,'张强','15996767897'),(19,'test2',0,'0000-00-00','',0,'',0,0,0,0,0,1,'设计师','中国移动','张家港市','','','',NULL,'张山','15931230155'),(20,'sale1',0,'0000-00-00','',0,'',0,0,0,0,0,-1,'0','','','','','',1502697358,'',''),(21,'财务部-许莉',0,'0000-00-00','',10,'',2,0,0,1971864618,1502765441,1,'0','','','','','',1503320164,'',''),(22,'市场部-宫雪琴',0,'0000-00-00','',10,'',2,0,0,1971864618,1502766429,1,'0','','','','','',NULL,'',''),(23,'tt2',0,'0000-00-00','',10,'',2,0,0,1971864729,1502699150,-1,'0','','','','','',1502699616,'','');

UNLOCK TABLES;

/*Table structure for table `robam_menu` */

DROP TABLE IF EXISTS `robam_menu`;

CREATE TABLE `robam_menu` (
  `id` int(10) unsigned NOT NULL AUTO_INCREMENT COMMENT '文档ID',
  `title` varchar(50) NOT NULL DEFAULT '' COMMENT '标题',
  `pid` int(10) unsigned NOT NULL DEFAULT '0' COMMENT '上级分类ID',
  `sort` int(10) unsigned NOT NULL DEFAULT '0' COMMENT '排序（同级有效）',
  `url` char(255) NOT NULL DEFAULT '' COMMENT '链接地址',
  `hide` tinyint(1) unsigned NOT NULL DEFAULT '0' COMMENT '是否隐藏',
  `tip` varchar(255) NOT NULL DEFAULT '' COMMENT '提示',
  `group` varchar(50) DEFAULT '' COMMENT '分组',
  `is_dev` tinyint(1) unsigned NOT NULL DEFAULT '0' COMMENT '是否仅开发者模式可见',
  PRIMARY KEY (`id`),
  KEY `pid` (`pid`)
) ENGINE=MyISAM AUTO_INCREMENT=161 DEFAULT CHARSET=utf8;

/*Data for the table `robam_menu` */

LOCK TABLES `robam_menu` WRITE;

insert  into `robam_menu`(`id`,`title`,`pid`,`sort`,`url`,`hide`,`tip`,`group`,`is_dev`) values (1,'首页',0,1,'Index/index',0,'','',0),(3,'文档列表',2,0,'article/index',1,'','内容',0),(4,'新增',3,0,'article/add',0,'','',0),(5,'编辑',3,0,'article/edit',0,'','',0),(6,'改变状态',3,0,'article/setStatus',0,'','',0),(7,'保存',3,0,'article/update',0,'','',0),(8,'保存草稿',3,0,'article/autoSave',0,'','',0),(9,'移动',3,0,'article/move',0,'','',0),(10,'复制',3,0,'article/copy',0,'','',0),(11,'粘贴',3,0,'article/paste',0,'','',0),(12,'导入',3,0,'article/batchOperate',0,'','',0),(13,'回收站',2,0,'article/recycle',1,'','内容',0),(14,'还原',13,0,'article/permit',0,'','',0),(15,'清空',13,0,'article/clear',0,'','',0),(16,'用户',0,3,'User/index',0,'','',0),(17,'渠道商列表',16,3,'Agent/index',0,'','渠道商管理',0),(18,'新增渠道商',17,0,'Agent/add',0,'添加新用户','用户列表',0),(19,'用户行为',16,0,'User/action',1,'','行为管理',0),(20,'新增用户行为',19,0,'User/addaction',0,'','',0),(21,'编辑用户行为',19,0,'User/editaction',0,'','',0),(22,'保存用户行为',19,0,'User/saveAction',0,'\"用户->用户行为\"保存编辑和新增的用户行为','',0),(23,'变更行为状态',19,0,'User/setStatus',0,'\"用户->用户行为\"中的启用,禁用和删除权限','',0),(24,'禁用会员',19,0,'User/changeStatus?method=forbidUser',0,'\"用户->用户信息\"中的禁用','',0),(25,'启用会员',19,0,'User/changeStatus?method=resumeUser',0,'\"用户->用户信息\"中的启用','',0),(26,'删除会员',19,0,'User/changeStatus?method=deleteUser',0,'\"用户->用户信息\"中的删除','',0),(27,'权限管理',16,2,'AuthManager/index',0,'','后台人员管理',0),(28,'删除',27,0,'AuthManager/changeStatus?method=deleteGroup',0,'删除用户组','',0),(29,'禁用',27,0,'AuthManager/changeStatus?method=forbidGroup',0,'禁用用户组','',0),(30,'恢复',27,0,'AuthManager/changeStatus?method=resumeGroup',0,'恢复已禁用的用户组','',0),(31,'新增',27,0,'AuthManager/createGroup',0,'创建新的用户组','',0),(32,'编辑',27,0,'AuthManager/editGroup',0,'编辑用户组名称和描述','',0),(33,'保存用户组',27,0,'AuthManager/writeGroup',0,'新增和编辑用户组的\"保存\"按钮','',0),(34,'授权',27,0,'AuthManager/group',0,'\"后台 \\ 用户 \\ 用户信息\"列表页的\"授权\"操作按钮,用于设置用户所属用户组','',0),(35,'访问授权',27,0,'AuthManager/access',0,'\"后台 \\ 用户 \\ 权限管理\"列表页的\"访问授权\"操作按钮','',0),(36,'成员授权',27,0,'AuthManager/user',0,'\"后台 \\ 用户 \\ 权限管理\"列表页的\"成员授权\"操作按钮','',0),(37,'解除授权',27,0,'AuthManager/removeFromGroup',0,'\"成员授权\"列表页内的解除授权操作按钮','',0),(38,'保存成员授权',27,0,'AuthManager/addToGroup',0,'\"用户信息\"列表页\"授权\"时的\"保存\"按钮和\"成员授权\"里右上角的\"添加\"按钮)','',0),(39,'分类授权',27,0,'AuthManager/category',0,'\"后台 \\ 用户 \\ 权限管理\"列表页的\"分类授权\"操作按钮','',0),(40,'保存分类授权',27,0,'AuthManager/addToCategory',0,'\"分类授权\"页面的\"保存\"按钮','',0),(41,'模型授权',27,0,'AuthManager/modelauth',0,'\"后台 \\ 用户 \\ 权限管理\"列表页的\"模型授权\"操作按钮','',0),(42,'保存模型授权',27,0,'AuthManager/addToModel',0,'\"分类授权\"页面的\"保存\"按钮','',0),(43,'扩展',0,7,'Addons/index',1,'','',0),(44,'插件管理',43,1,'Addons/index',0,'','扩展',0),(45,'创建',44,0,'Addons/create',0,'服务器上创建插件结构向导','',0),(46,'检测创建',44,0,'Addons/checkForm',0,'检测插件是否可以创建','',0),(47,'预览',44,0,'Addons/preview',0,'预览插件定义类文件','',0),(48,'快速生成插件',44,0,'Addons/build',0,'开始生成插件结构','',0),(49,'设置',44,0,'Addons/config',0,'设置插件配置','',0),(50,'禁用',44,0,'Addons/disable',0,'禁用插件','',0),(51,'启用',44,0,'Addons/enable',0,'启用插件','',0),(52,'安装',44,0,'Addons/install',0,'安装插件','',0),(53,'卸载',44,0,'Addons/uninstall',0,'卸载插件','',0),(54,'更新配置',44,0,'Addons/saveconfig',0,'更新插件配置处理','',0),(55,'插件后台列表',44,0,'Addons/adminList',0,'','',0),(56,'URL方式访问插件',44,0,'Addons/execute',0,'控制是否有权限通过url访问插件控制器方法','',0),(57,'钩子管理',43,2,'Addons/hooks',0,'','扩展',0),(58,'模型管理',68,3,'Model/index',0,'','系统设置',0),(59,'新增',58,0,'model/add',0,'','',0),(60,'编辑',58,0,'model/edit',0,'','',0),(61,'改变状态',58,0,'model/setStatus',0,'','',0),(62,'保存数据',58,0,'model/update',0,'','',0),(63,'属性管理',68,0,'Attribute/index',1,'网站属性配置。','',0),(64,'新增',63,0,'Attribute/add',0,'','',0),(65,'编辑',63,0,'Attribute/edit',0,'','',0),(66,'改变状态',63,0,'Attribute/setStatus',0,'','',0),(67,'保存数据',63,0,'Attribute/update',0,'','',0),(68,'系统',0,13,'Config/group',0,'','',0),(69,'网站设置',68,1,'Config/group',0,'','系统设置',0),(70,'配置管理',68,4,'Config/index',0,'','系统设置',0),(71,'编辑',70,0,'Config/edit',0,'新增编辑和保存配置','',0),(72,'删除',70,0,'Config/del',0,'删除配置','',0),(73,'新增',70,0,'Config/add',0,'新增配置','',0),(74,'保存',70,0,'Config/save',0,'保存配置','',0),(75,'菜单管理',68,5,'Menu/index',0,'','系统设置',0),(76,'导航管理',68,6,'Channel/index',0,'','系统设置',0),(77,'新增',76,0,'Channel/add',0,'','',0),(78,'编辑',76,0,'Channel/edit',0,'','',0),(79,'删除',76,0,'Channel/del',0,'','',0),(80,'分类管理',68,2,'Category/index',0,'','系统设置',0),(81,'编辑',80,0,'Category/edit',0,'编辑和保存栏目分类','',0),(82,'新增',80,0,'Category/add',0,'新增栏目分类','',0),(83,'删除',80,0,'Category/remove',0,'删除栏目分类','',0),(84,'移动',80,0,'Category/operate/type/move',0,'移动栏目分类','',0),(85,'合并',80,0,'Category/operate/type/merge',0,'合并栏目分类','',0),(86,'备份数据库',68,0,'Database/index?type=export',0,'','数据备份',0),(87,'备份',86,0,'Database/export',0,'备份数据库','',0),(88,'优化表',86,0,'Database/optimize',0,'优化数据表','',0),(89,'修复表',86,0,'Database/repair',0,'修复数据表','',0),(90,'还原数据库',68,0,'Database/index?type=import',0,'','数据备份',0),(91,'恢复',90,0,'Database/import',0,'数据库恢复','',0),(92,'删除',90,0,'Database/del',0,'删除备份文件','',0),(93,'其他',0,5,'other',1,'','',0),(96,'新增',75,0,'Menu/add',0,'','系统设置',0),(98,'编辑',75,0,'Menu/edit',0,'','',0),(104,'下载管理',102,0,'Think/lists?model=download',0,'','',0),(105,'配置管理',102,0,'Think/lists?model=config',0,'','',0),(106,'行为日志',16,0,'Action/actionlog',1,'','行为管理',0),(108,'修改密码',16,0,'User/updatePassword',1,'','',1),(109,'修改昵称',16,0,'User/updateNickname',1,'','',1),(110,'查看行为日志',106,0,'action/edit',1,'','',0),(112,'新增数据',58,0,'think/add',1,'','',0),(113,'编辑数据',58,0,'think/edit',1,'','',0),(114,'导入',75,0,'Menu/import',0,'','',0),(115,'生成',58,0,'Model/generate',0,'','',0),(116,'新增钩子',57,0,'Addons/addHook',0,'','',0),(117,'编辑钩子',57,0,'Addons/edithook',0,'','',0),(118,'文档排序',3,0,'Article/sort',1,'','',0),(119,'排序',70,0,'Config/sort',1,'','',0),(120,'排序',75,0,'Menu/sort',1,'','',0),(121,'排序',76,0,'Channel/sort',1,'','',0),(129,'商品',0,2,'Goods/index?status=2',0,'','',0),(124,'订单',0,9,'orders/index',0,'','',0),(126,'用户列表',122,0,'Task/index',0,'','渠道商',0),(127,'奖励维护',122,0,'Reward/index',0,'','奖励',0),(130,'商品维护',129,0,'Goods/index?status=2',0,'','商品管理',0),(133,'修改商品',130,0,'goods/edit',0,'','',0),(132,'订单列表',124,0,'orders/index',0,'','订单管理',0),(134,'指标设置',17,0,'agent/task',0,'','用户列表',0),(135,'任务明细',17,0,'agent/taskdetail',1,'','用户列表',0),(136,'编辑渠道商',17,0,'Agent/edit',0,'','用户列表',0),(138,'公告',0,11,'notice/index',0,'','',0),(139,'设置',0,12,'marketing/index',0,'','',0),(140,'轮播图',139,0,'marketing/index',0,'','首页管理',0),(143,'公告列表',138,0,'notice/index',0,'','公告管理',0),(144,' 新增公告',138,0,'notice/add',1,'','公告管理',0),(145,'修改公告',138,0,'notice/edit',1,'','公告管理',0),(146,'删除公告',138,0,'notice/del',1,'','公告管理',0),(147,'活动添加',141,0,'active/edititem',1,'','活动添加',0),(148,'活动修改',141,0,'active/edit',1,'','活动修改',0),(149,'送货区域',139,0,'city/index',0,'','物流管理',0),(150,'新增区域',149,0,'City/add',1,'','',0),(151,'编辑区域',149,0,'City/edit',1,'','',0),(160,'修改价格',155,0,'goods/edit_price',0,'','',0),(154,'活动编辑',153,0,'active/editorders',1,'','活动添加',0),(155,'价格维护',129,0,'Goods/index_price?status=2',0,'','价格管理',0),(156,'奖励维护',129,0,'agent/categoryRate',0,'','奖励管理',0),(157,'单品活动',129,0,'active/item',0,'','活动管理',0),(158,'订单活动',129,0,'active/orders',0,'','活动管理',0),(159,'管理员列表',16,1,'user/index',0,'','后台人员管理',0);

UNLOCK TABLES;

/*Table structure for table `robam_model` */

DROP TABLE IF EXISTS `robam_model`;

CREATE TABLE `robam_model` (
  `id` int(10) unsigned NOT NULL AUTO_INCREMENT COMMENT '模型ID',
  `name` char(30) NOT NULL DEFAULT '' COMMENT '模型标识',
  `title` char(30) NOT NULL DEFAULT '' COMMENT '模型名称',
  `extend` int(10) unsigned NOT NULL DEFAULT '0' COMMENT '继承的模型',
  `relation` varchar(30) NOT NULL DEFAULT '' COMMENT '继承与被继承模型的关联字段',
  `need_pk` tinyint(1) unsigned NOT NULL DEFAULT '1' COMMENT '新建表时是否需要主键字段',
  `field_sort` text NOT NULL COMMENT '表单字段排序',
  `field_group` varchar(255) NOT NULL DEFAULT '1:基础' COMMENT '字段分组',
  `attribute_list` text NOT NULL COMMENT '属性列表（表的字段）',
  `template_list` varchar(100) NOT NULL DEFAULT '' COMMENT '列表模板',
  `template_add` varchar(100) NOT NULL DEFAULT '' COMMENT '新增模板',
  `template_edit` varchar(100) NOT NULL DEFAULT '' COMMENT '编辑模板',
  `list_grid` text NOT NULL COMMENT '列表定义',
  `list_row` smallint(2) unsigned NOT NULL DEFAULT '10' COMMENT '列表数据长度',
  `search_key` varchar(50) NOT NULL DEFAULT '' COMMENT '默认搜索字段',
  `search_list` varchar(255) NOT NULL DEFAULT '' COMMENT '高级搜索的字段',
  `create_time` int(10) unsigned NOT NULL DEFAULT '0' COMMENT '创建时间',
  `update_time` int(10) unsigned NOT NULL DEFAULT '0' COMMENT '更新时间',
  `status` tinyint(3) unsigned NOT NULL DEFAULT '0' COMMENT '状态',
  `engine_type` varchar(25) NOT NULL DEFAULT 'MyISAM' COMMENT '数据库引擎',
  PRIMARY KEY (`id`)
) ENGINE=MyISAM AUTO_INCREMENT=4 DEFAULT CHARSET=utf8 COMMENT='文档模型表';

/*Data for the table `robam_model` */

LOCK TABLES `robam_model` WRITE;

insert  into `robam_model`(`id`,`name`,`title`,`extend`,`relation`,`need_pk`,`field_sort`,`field_group`,`attribute_list`,`template_list`,`template_add`,`template_edit`,`list_grid`,`list_row`,`search_key`,`search_list`,`create_time`,`update_time`,`status`,`engine_type`) values (1,'document','基础文档',0,'',1,'{\"1\":[\"1\",\"2\",\"3\",\"4\",\"5\",\"6\",\"7\",\"8\",\"9\",\"10\",\"11\",\"12\",\"13\",\"14\",\"15\",\"16\",\"17\",\"18\",\"19\",\"20\",\"21\",\"22\"]}','1:基础','','','','','id:编号\r\ntitle:标题:article/index?cate_id=[category_id]&pid=[id]\r\ntype|get_document_type:类型\r\nlevel:优先级\r\nupdate_time|time_format:最后更新\r\nstatus_text:状态\r\nview:浏览\r\nid:操作:[EDIT]&cate_id=[category_id]|编辑,article/setstatus?status=-1&ids=[id]|删除',0,'','',1383891233,1384507827,1,'MyISAM'),(2,'article','文章',1,'',1,'{\"1\":[\"3\",\"24\",\"2\",\"5\"],\"2\":[\"9\",\"13\",\"19\",\"10\",\"12\",\"16\",\"17\",\"26\",\"20\",\"14\",\"11\",\"25\"]}','1:基础,2:扩展','','','','','id:编号\r\ntitle:标题:article/edit?cate_id=[category_id]&id=[id]\r\ncontent:内容',0,'','',1383891243,1387260622,1,'MyISAM');

UNLOCK TABLES;

/*Table structure for table `robam_orders` */

DROP TABLE IF EXISTS `robam_orders`;

CREATE TABLE `robam_orders` (
  `order_id` varchar(24) COLLATE utf8_unicode_ci NOT NULL COMMENT '订单号',
  `address_id` int(11) DEFAULT NULL COMMENT '地址ID',
  `user_id` varchar(50) COLLATE utf8_unicode_ci NOT NULL COMMENT '用户id',
  `price_order` float(11,2) DEFAULT NULL COMMENT '订单总金额',
  `price_express` float(11,2) NOT NULL DEFAULT '0.00' COMMENT '快递金额',
  `reward_money` float(11,2) NOT NULL COMMENT '提成总金额',
  `create_time` int(11) DEFAULT NULL COMMENT '创建时间',
  `update_time` int(11) DEFAULT NULL COMMENT '修改时间',
  `remark` varchar(255) COLLATE utf8_unicode_ci DEFAULT NULL COMMENT '订单备注',
  `pay_type` tinyint(1) NOT NULL COMMENT '付款方式：0.货到付款 1.微信支付 2.支付宝支付,3.网银支付',
  `status` int(11) NOT NULL DEFAULT '0' COMMENT '订单状态：1.未付款 2.已付款  3.订单完成   4.订单退款',
  `sends` varchar(64) COLLATE utf8_unicode_ci NOT NULL DEFAULT '' COMMENT '送货时间',
  `agent_cut` float(11,2) NOT NULL DEFAULT '0.00' COMMENT '代理商折扣',
  PRIMARY KEY (`order_id`),
  KEY `address_id` (`address_id`)
) ENGINE=InnoDB DEFAULT CHARSET=utf8 COLLATE=utf8_unicode_ci;

/*Data for the table `robam_orders` */

LOCK TABLES `robam_orders` WRITE;

insert  into `robam_orders`(`order_id`,`address_id`,`user_id`,`price_order`,`price_express`,`reward_money`,`create_time`,`update_time`,`remark`,`pay_type`,`status`,`sends`,`agent_cut`) values ('ROBAM082111095797348',4,'10',1.00,0.00,0.12,1503328197,1503328215,NULL,0,1,'',0.00),('ROBAM082111415270508',4,'10',1.00,0.00,0.12,1503330112,1503330120,NULL,0,1,'',0.00),('ROBAM082111522309839',4,'10',3.00,0.00,0.36,1503330743,1503330763,NULL,0,1,'',0.90),('ROBAM082111534385172',4,'10',1.00,0.00,0.12,1503330823,1503330823,NULL,0,1,'',0.00),('ROBAM082111541131867',4,'10',1.00,0.00,0.12,1503330851,1503330851,NULL,0,1,'',0.00),('ROBAM082111555589339',4,'10',1.00,0.00,0.12,1503330955,1503330955,NULL,0,1,'',0.00),('ROBAM082111571426425',4,'10',1.00,0.00,0.12,1503331034,1503331034,NULL,0,1,'',0.00),('ROBAM082111580656468',4,'10',1.00,0.00,0.12,1503331086,1503331086,NULL,0,1,'',0.00),('ROBAM082201173585894',4,'10',3060.00,0.00,0.00,1503335855,1503335855,NULL,0,1,'',0.00),('ROBAM082201511623567',4,'10',1.00,0.00,0.12,1503337876,1503337876,NULL,0,1,'',0.00),('ROBAM082201565506721',4,'10',1.00,0.00,0.12,1503338215,1503338215,NULL,0,1,'',0.00),('ROBAM082202002799508',4,'10',1.00,0.00,0.12,1503338427,1503338427,NULL,0,1,'',0.00),('ROBAM082202024035589',4,'10',1.00,0.00,0.12,1503338560,1503338560,NULL,0,1,'',0.00),('ROBAM082202080403297',4,'10',1.00,0.00,0.12,1503338884,1503338884,NULL,0,1,'',0.00),('ROBAM082202111983013',4,'10',1.00,0.00,0.12,1503339079,1503339079,NULL,0,1,'',0.00),('ROBAM082202163450287',4,'10',1.00,0.00,0.12,1503339394,1503339394,NULL,0,1,'',0.00),('ROBAM082202225281295',4,'10',1.00,0.00,0.12,1503339772,1503339772,NULL,0,1,'',0.00),('ROBAM082202293397113',4,'10',1.00,0.00,0.12,1503340173,1503340173,NULL,0,1,'',0.00),('ROBAM082202343801179',4,'10',10838.00,0.00,1300.56,1503383678,1503383686,NULL,0,1,'',0.00),('ROBAM082202543787018',4,'10',5850.00,0.00,702.00,1503384877,1503384877,NULL,0,1,'',0.00),('ROBAM082207502863432',4,'10',1881.00,0.00,0.00,1503359428,1503359428,NULL,0,1,'',0.00),('ROBAM082208422340262',4,'10',1.00,0.00,0.12,1503362543,1503362554,NULL,0,1,'',0.00),('ROBAM082208563277134',4,'10',7.00,0.00,0.84,1503363392,1503363392,NULL,0,1,'',0.00),('ROBAM082208581758397',4,'10',8.00,0.00,0.96,1503363497,1503363497,NULL,0,1,'',0.00),('ROBAM082209015897939',4,'10',1.00,0.00,0.12,1503363718,1503363718,NULL,0,1,'',0.00),('ROBAM082209032172854',4,'10',5.00,0.00,0.60,1503363801,1503363801,NULL,0,1,'',0.00),('ROBAM082209044479142',4,'10',5.00,0.00,0.60,1503363884,1503364357,NULL,0,2,'',0.00),('ROBAM082209125933519',4,'10',1.00,0.00,0.12,1503364379,1503364379,NULL,0,1,'',0.00),('ROBAM082209140022531',4,'10',7.00,0.00,0.84,1503364440,1503364440,NULL,0,1,'',0.00),('ROBAM082209144420460',4,'10',8.00,0.00,0.96,1503364484,1503364484,NULL,0,1,'',0.00),('ROBAM082209152292712',4,'10',6.00,0.00,0.72,1503364522,1503364522,NULL,0,1,'',0.00),('ROBAM082209161389948',4,'10',1.00,0.00,0.12,1503364573,1503364722,NULL,2,2,'',0.00),('ROBAM082209201623115',4,'10',2.00,0.00,0.24,1503364816,1503364816,NULL,0,1,'',0.00),('ROBAM082209211568226',4,'10',1.00,0.00,0.12,1503364875,1503364875,NULL,0,1,'',0.00),('ROBAM082209232888266',4,'10',2.00,0.00,0.24,1503365008,1503365008,NULL,0,1,'',0.00),('ROBAM082209235911683',4,'10',1.00,0.00,0.12,1503365039,1503365089,NULL,2,2,'',0.00),('ROBAM082209273559879',4,'10',1.00,0.00,0.12,1503365255,1503365255,NULL,0,1,'',0.00),('ROBAM082209281497697',4,'10',1.00,0.00,0.12,1503365294,1503365294,NULL,0,1,'',0.00),('ROBAM082209295286559',4,'10',1.00,0.00,0.12,1503365392,1503365392,NULL,0,1,'',0.00),('ROBAM082209345298827',4,'10',1.00,0.00,0.12,1503365692,1503365705,NULL,2,2,'',0.00),('ROBAM082209574651728',4,'10',10125.00,0.00,0.00,1503367066,1503367066,NULL,0,1,'',0.00),('ROBAM082210115096070',4,'10',4560.00,0.00,0.00,1503367910,1503367910,NULL,0,1,'',0.00),('ROBAM082210142925437',4,'10',6441.00,0.00,0.00,1503368069,1503368285,NULL,0,1,'',0.00),('ROBAM082210345392324',4,'10',6441.00,0.00,0.00,1503369292,1503369292,NULL,0,1,'',0.00),('ROBAM082210374874023',4,'10',7310.00,0.00,0.00,1503369468,1503369468,NULL,0,1,'',0.00),('ROBAM082210384653921',4,'10',4560.00,0.00,0.00,1503369526,1503369526,NULL,0,1,'',0.00),('ROBAM082210395241132',4,'10',6441.00,0.00,0.00,1503369592,1503369710,NULL,0,1,'',0.00),('ROBAM082210421742653',4,'10',6441.00,0.00,0.00,1503369737,1503369751,NULL,2,2,'',0.00),('ROBAM082211070254022',4,'10',1.00,0.00,0.12,1503371222,1503371248,NULL,2,2,'',0.00),('ROBAM082211320526969',4,'10',4703.00,0.00,0.00,1503372725,1503372799,NULL,0,1,'',0.00),('ROBAM082211335893939',4,'10',5850.00,0.00,702.00,1503372838,1503372875,NULL,0,1,'',300.00),('ROBAM082212021055164',4,'10',1.00,0.00,0.12,1503331330,1503331330,NULL,0,1,'',0.00),('ROBAM082212043003549',4,'10',4.00,0.00,0.48,1503331470,1503331470,NULL,0,1,'',0.00),('ROBAM082212060917008',4,'10',4.00,0.00,0.48,1503331569,1503331573,NULL,0,1,'',0.00),('ROBAM082212062274395',4,'10',1.00,0.00,0.12,1503331582,1503331582,NULL,0,1,'',0.00),('ROBAM082212132654120',4,'10',2.00,0.00,0.24,1503332006,1503332006,NULL,0,1,'',0.00),('ROBAM082212252288289',4,'10',1.00,0.00,0.12,1503332722,1503332722,NULL,0,1,'',0.00),('ROBAM082212322718310',4,'10',1.00,0.00,0.12,1503333147,1503333150,NULL,0,1,'',0.00),('ROBAM083011060303846',4,'10',5850.00,0.00,702.00,1504062363,1504062385,NULL,0,1,'',0.00);

UNLOCK TABLES;

/*Table structure for table `robam_orders_detail` */

DROP TABLE IF EXISTS `robam_orders_detail`;

CREATE TABLE `robam_orders_detail` (
  `id` int(11) NOT NULL AUTO_INCREMENT COMMENT '自增ID',
  `order_id` varchar(24) COLLATE utf8_unicode_ci NOT NULL COMMENT '订单编号',
  `category_name` varchar(128) COLLATE utf8_unicode_ci NOT NULL COMMENT '品类',
  `goods_id` int(11) NOT NULL COMMENT '商品id',
  `goods_name` varchar(255) COLLATE utf8_unicode_ci DEFAULT NULL COMMENT '商品名称',
  `thumb` varchar(255) COLLATE utf8_unicode_ci DEFAULT NULL COMMENT '缩略图',
  `fuel_name` varchar(128) COLLATE utf8_unicode_ci DEFAULT NULL COMMENT '燃料',
  `color_name` varchar(128) COLLATE utf8_unicode_ci DEFAULT NULL COMMENT '颜色',
  `unit_price` float(11,2) DEFAULT '0.00' COMMENT '单价',
  `sell_num` float(11,0) DEFAULT '0' COMMENT '销售数量',
  `reward_rate` float(11,2) DEFAULT NULL COMMENT '提成比例',
  `reward_money` float(11,2) DEFAULT NULL COMMENT '提成金额',
  PRIMARY KEY (`id`)
) ENGINE=InnoDB AUTO_INCREMENT=62 DEFAULT CHARSET=utf8 COLLATE=utf8_unicode_ci COMMENT='订单详情表';

/*Data for the table `robam_orders_detail` */

LOCK TABLES `robam_orders_detail` WRITE;

insert  into `robam_orders_detail`(`id`,`order_id`,`category_name`,`goods_id`,`goods_name`,`thumb`,`fuel_name`,`color_name`,`unit_price`,`sell_num`,`reward_rate`,`reward_money`) values (1,'ROBAM082111095797348','油烟机',3,'Robam/老板 欧式跨界型油烟机CXW-200-8229【测试】','/Uploads/Picture/2017-05-06/590d7c6d1f69f.jpg','','',1.00,1,12.00,0.12),(2,'ROBAM082111415270508','油烟机',3,'Robam/老板 欧式跨界型油烟机CXW-200-8229【测试】','/Uploads/Picture/2017-05-06/590d7c6d1f69f.jpg','','',1.00,1,12.00,0.12),(3,'ROBAM082111522309839','油烟机',3,'Robam/老板 欧式跨界型油烟机CXW-200-8229【测试】','/Uploads/Picture/2017-05-06/590d7c6d1f69f.jpg','','',1.00,3,12.00,0.36),(4,'ROBAM082111534385172','油烟机',3,'Robam/老板 欧式跨界型油烟机CXW-200-8229【测试】','/Uploads/Picture/2017-05-06/590d7c6d1f69f.jpg','','',1.00,1,12.00,0.12),(5,'ROBAM082111541131867','油烟机',3,'Robam/老板 欧式跨界型油烟机CXW-200-8229【测试】','/Uploads/Picture/2017-05-06/590d7c6d1f69f.jpg','','',1.00,1,12.00,0.12),(6,'ROBAM082111555589339','油烟机',3,'Robam/老板 欧式跨界型油烟机CXW-200-8229【测试】','/Uploads/Picture/2017-05-06/590d7c6d1f69f.jpg','','',1.00,1,12.00,0.12),(7,'ROBAM082111571426425','油烟机',3,'Robam/老板 欧式跨界型油烟机CXW-200-8229【测试】','/Uploads/Picture/2017-05-06/590d7c6d1f69f.jpg','','',1.00,1,12.00,0.12),(8,'ROBAM082111580656468','油烟机',3,'Robam/老板 欧式跨界型油烟机CXW-200-8229【测试】','/Uploads/Picture/2017-05-06/590d7c6d1f69f.jpg','','',1.00,1,12.00,0.12),(9,'ROBAM082212021055164','油烟机',3,'Robam/老板 欧式跨界型油烟机CXW-200-8229【测试】','/Uploads/Picture/2017-05-06/590d7c6d1f69f.jpg','','',1.00,1,12.00,0.12),(10,'ROBAM082212043003549','油烟机',3,'Robam/老板 欧式跨界型油烟机CXW-200-8229【测试】','/Uploads/Picture/2017-05-06/590d7c6d1f69f.jpg','','',1.00,4,12.00,0.48),(11,'ROBAM082212060917008','油烟机',3,'Robam/老板 欧式跨界型油烟机CXW-200-8229【测试】','/Uploads/Picture/2017-05-06/590d7c6d1f69f.jpg','','',1.00,4,12.00,0.48),(12,'ROBAM082212062274395','油烟机',3,'Robam/老板 欧式跨界型油烟机CXW-200-8229【测试】','/Uploads/Picture/2017-05-06/590d7c6d1f69f.jpg','','',1.00,1,12.00,0.12),(13,'ROBAM082212132654120','油烟机',3,'Robam/老板 欧式跨界型油烟机CXW-200-8229【测试】','/Uploads/Picture/2017-05-06/590d7c6d1f69f.jpg','','',1.00,2,12.00,0.24),(14,'ROBAM082212252288289','油烟机',3,'Robam/老板 欧式跨界型油烟机CXW-200-8229【测试】','/Uploads/Picture/2017-05-06/590d7c6d1f69f.jpg','','',1.00,1,12.00,0.12),(15,'ROBAM082212322718310','油烟机',3,'Robam/老板 欧式跨界型油烟机CXW-200-8229【测试】','/Uploads/Picture/2017-05-06/590d7c6d1f69f.jpg','','',1.00,1,12.00,0.12),(16,'ROBAM082201173585894','灶具',15,'Robam/老板 嵌入式燃气灶JZ(Y/T/R)-9B32','/Uploads/Picture/2017-05-06/590d98bf529b8.jpg','液化气','',3060.00,1,0.00,0.00),(17,'ROBAM082201511623567','油烟机',3,'Robam/老板 欧式跨界型油烟机CXW-200-8229【测试】','/Uploads/Picture/2017-05-06/590d7c6d1f69f.jpg','','',1.00,1,12.00,0.12),(18,'ROBAM082201565506721','油烟机',3,'Robam/老板 欧式跨界型油烟机CXW-200-8229【测试】','/Uploads/Picture/2017-05-06/590d7c6d1f69f.jpg','','',1.00,1,12.00,0.12),(19,'ROBAM082202002799508','油烟机',3,'Robam/老板 欧式跨界型油烟机CXW-200-8229【测试】','/Uploads/Picture/2017-05-06/590d7c6d1f69f.jpg','','',1.00,1,12.00,0.12),(20,'ROBAM082202024035589','油烟机',3,'Robam/老板 欧式跨界型油烟机CXW-200-8229【测试】','/Uploads/Picture/2017-05-06/590d7c6d1f69f.jpg','','',1.00,1,12.00,0.12),(21,'ROBAM082202080403297','油烟机',3,'Robam/老板 欧式跨界型油烟机CXW-200-8229【测试】','/Uploads/Picture/2017-05-06/590d7c6d1f69f.jpg','','',1.00,1,12.00,0.12),(22,'ROBAM082202111983013','油烟机',3,'Robam/老板 欧式跨界型油烟机CXW-200-8229【测试】','/Uploads/Picture/2017-05-06/590d7c6d1f69f.jpg','','',1.00,1,12.00,0.12),(23,'ROBAM082202163450287','油烟机',3,'Robam/老板 欧式跨界型油烟机CXW-200-8229【测试】','/Uploads/Picture/2017-05-06/590d7c6d1f69f.jpg','','',1.00,1,12.00,0.12),(24,'ROBAM082202225281295','油烟机',3,'Robam/老板 欧式跨界型油烟机CXW-200-8229【测试】','/Uploads/Picture/2017-05-06/590d7c6d1f69f.jpg','','',1.00,1,12.00,0.12),(25,'ROBAM082202293397113','油烟机',3,'Robam/老板 欧式跨界型油烟机CXW-200-8229【测试】','/Uploads/Picture/2017-05-06/590d7c6d1f69f.jpg','','',1.00,1,12.00,0.12),(26,'ROBAM082207502863432','灶具',16,'Robam/老板 嵌入式燃气灶JZ(Y/T/R)-7B13','/Uploads/Picture/2017-05-06/590d9906754ad.jpg','天然气','',1881.00,1,0.00,0.00),(27,'ROBAM082208422340262','油烟机',3,'Robam/老板 欧式跨界型油烟机CXW-200-8229【测试】','/Uploads/Picture/2017-05-06/590d7c6d1f69f.jpg','','',1.00,1,12.00,0.12),(28,'ROBAM082208563277134','油烟机',3,'Robam/老板 欧式跨界型油烟机CXW-200-8229【测试】','/Uploads/Picture/2017-05-06/590d7c6d1f69f.jpg','','',1.00,7,12.00,0.84),(29,'ROBAM082208581758397','油烟机',3,'Robam/老板 欧式跨界型油烟机CXW-200-8229【测试】','/Uploads/Picture/2017-05-06/590d7c6d1f69f.jpg','','',1.00,8,12.00,0.96),(30,'ROBAM082209015897939','油烟机',3,'Robam/老板 欧式跨界型油烟机CXW-200-8229【测试】','/Uploads/Picture/2017-05-06/590d7c6d1f69f.jpg','','',1.00,1,12.00,0.12),(31,'ROBAM082209032172854','油烟机',3,'Robam/老板 欧式跨界型油烟机CXW-200-8229【测试】','/Uploads/Picture/2017-05-06/590d7c6d1f69f.jpg','','',1.00,5,12.00,0.60),(32,'ROBAM082209044479142','油烟机',3,'Robam/老板 欧式跨界型油烟机CXW-200-8229【测试】','/Uploads/Picture/2017-05-06/590d7c6d1f69f.jpg','','',1.00,5,12.00,0.60),(33,'ROBAM082209125933519','油烟机',3,'Robam/老板 欧式跨界型油烟机CXW-200-8229【测试】','/Uploads/Picture/2017-05-06/590d7c6d1f69f.jpg','','',1.00,1,12.00,0.12),(34,'ROBAM082209140022531','油烟机',3,'Robam/老板 欧式跨界型油烟机CXW-200-8229【测试】','/Uploads/Picture/2017-05-06/590d7c6d1f69f.jpg','','',1.00,7,12.00,0.84),(35,'ROBAM082209144420460','油烟机',3,'Robam/老板 欧式跨界型油烟机CXW-200-8229【测试】','/Uploads/Picture/2017-05-06/590d7c6d1f69f.jpg','','',1.00,8,12.00,0.96),(36,'ROBAM082209152292712','油烟机',3,'Robam/老板 欧式跨界型油烟机CXW-200-8229【测试】','/Uploads/Picture/2017-05-06/590d7c6d1f69f.jpg','','',1.00,6,12.00,0.72),(37,'ROBAM082209161389948','油烟机',3,'Robam/老板 欧式跨界型油烟机CXW-200-8229【测试】','/Uploads/Picture/2017-05-06/590d7c6d1f69f.jpg','','',1.00,1,12.00,0.12),(38,'ROBAM082209201623115','油烟机',3,'Robam/老板 欧式跨界型油烟机CXW-200-8229【测试】','/Uploads/Picture/2017-05-06/590d7c6d1f69f.jpg','','',1.00,2,12.00,0.24),(39,'ROBAM082209211568226','油烟机',3,'Robam/老板 欧式跨界型油烟机CXW-200-8229【测试】','/Uploads/Picture/2017-05-06/590d7c6d1f69f.jpg','','',1.00,1,12.00,0.12),(40,'ROBAM082209232888266','油烟机',3,'Robam/老板 欧式跨界型油烟机CXW-200-8229【测试】','/Uploads/Picture/2017-05-06/590d7c6d1f69f.jpg','','',1.00,2,12.00,0.24),(41,'ROBAM082209235911683','油烟机',3,'Robam/老板 欧式跨界型油烟机CXW-200-8229【测试】','/Uploads/Picture/2017-05-06/590d7c6d1f69f.jpg','','',1.00,1,12.00,0.12),(42,'ROBAM082209273559879','油烟机',3,'Robam/老板 欧式跨界型油烟机CXW-200-8229【测试】','/Uploads/Picture/2017-05-06/590d7c6d1f69f.jpg','','',1.00,1,12.00,0.12),(43,'ROBAM082209281497697','油烟机',3,'Robam/老板 欧式跨界型油烟机CXW-200-8229【测试】','/Uploads/Picture/2017-05-06/590d7c6d1f69f.jpg','','',1.00,1,12.00,0.12),(44,'ROBAM082209295286559','油烟机',3,'Robam/老板 欧式跨界型油烟机CXW-200-8229【测试】','/Uploads/Picture/2017-05-06/590d7c6d1f69f.jpg','','',1.00,1,12.00,0.12),(45,'ROBAM082209345298827','油烟机',3,'Robam/老板 欧式跨界型油烟机CXW-200-8229【测试】','/Uploads/Picture/2017-05-06/590d7c6d1f69f.jpg','','',1.00,1,12.00,0.12),(46,'ROBAM082209574651728','套装',36,'Robam/老板 烟灶套装8229+9B52','/Uploads/Picture/2017-08-21/599aa0d81cfe2.jpg','','',10125.00,1,0.00,0.00),(47,'ROBAM082210115096070','油烟机',6,'Robam/老板 欧式平板型油烟机CXW-200-8329','/Uploads/Picture/2017-08-22/599b90fb96cb6.jpg','','',4560.00,1,0.00,0.00),(48,'ROBAM082210142925437','油烟机',6,'Robam/老板 欧式平板型油烟机CXW-200-8329','/Uploads/Picture/2017-08-22/599b90fb96cb6.jpg','',NULL,4560.00,1,0.00,0.00),(49,'ROBAM082210142925437','灶具',16,'Robam/老板 嵌入式燃气灶JZ(Y/T/R)-7B13','/Uploads/Picture/2017-08-22/599b917314e39.jpg','天然气',NULL,1881.00,1,0.00,0.00),(50,'ROBAM082210345392324','套装',37,'Robam/老板 烟灶套装8329+7B13','/Uploads/Picture/2017-08-21/599a9fb8d2b9f.jpg','','',6441.00,1,0.00,0.00),(51,'ROBAM082210374874023','油烟机',3,'Robam/老板 欧式跨界型油烟机CXW-200-8229','/Uploads/Picture/2017-05-06/590d7c6d1f69f.jpg','',NULL,7310.00,1,0.00,0.00),(52,'ROBAM082210384653921','油烟机',6,'Robam/老板 欧式平板型油烟机CXW-200-8329','/Uploads/Picture/2017-08-22/599b90fb96cb6.jpg','',NULL,4560.00,1,0.00,0.00),(53,'ROBAM082210395241132','套装',37,'Robam/老板 烟灶套装8329+7B13','/Uploads/Picture/2017-08-21/599a9fb8d2b9f.jpg','','',6441.00,1,0.00,0.00),(54,'ROBAM082210421742653','套装',37,'Robam/老板 烟灶套装8329+7B13','/Uploads/Picture/2017-08-21/599a9fb8d2b9f.jpg','','',6441.00,1,0.00,0.00),(55,'ROBAM082211070254022','油烟机',3,'Robam/老板 欧式跨界型油烟机CXW-200-8229【测试】','/Uploads/Picture/2017-08-21/599aa0d81cfe2.jpg','','',1.00,1,12.00,0.12),(56,'ROBAM082211320526969','油烟机',11,'Robam/老板 欧式侧吸型油烟机CXW-200-5600','/Uploads/Picture/2017-08-22/599b9271da692.jpg','',NULL,4703.00,1,0.00,0.00),(57,'ROBAM082211335893939','油烟机',4,'Robam/老板 欧式跨界型油烟机CXW-200-8215','/Uploads/Picture/2017-08-22/599b904da891a.jpg','','',5850.00,1,12.00,702.00),(58,'ROBAM082202343801179','油烟机',4,'Robam/老板 欧式跨界型油烟机CXW-200-8215','/Uploads/Picture/2017-08-22/599b904da891a.jpg','',NULL,5850.00,1,12.00,702.00),(59,'ROBAM082202343801179','油烟机',5,'Robam/老板 欧式平板型油烟机CXW-200-8328','/Uploads/Picture/2017-08-22/599b91de83290.jpg','',NULL,4988.00,1,12.00,598.56),(60,'ROBAM082202543787018','油烟机',4,'Robam/老板 欧式跨界型油烟机CXW-200-8215','/Uploads/Picture/2017-08-22/599b904da891a.jpg','','',5850.00,1,12.00,702.00),(61,'ROBAM083011060303846','油烟机',4,'Robam/老板 欧式跨界型油烟机CXW-200-8215','/Uploads/Picture/2017-08-22/599b904da891a.jpg','','',5850.00,1,12.00,702.00);

UNLOCK TABLES;

/*Table structure for table `robam_orders_pay` */

DROP TABLE IF EXISTS `robam_orders_pay`;

CREATE TABLE `robam_orders_pay` (
  `id` int(11) NOT NULL AUTO_INCREMENT,
  `order_id` varchar(24) COLLATE utf8_unicode_ci NOT NULL,
  `payment_type` int(11) NOT NULL DEFAULT '1' COMMENT '付款类型：1预付款，2尾款，3全款',
  `payments_id` varchar(24) COLLATE utf8_unicode_ci DEFAULT NULL COMMENT '微信支付号',
  `pay_platform` varchar(20) COLLATE utf8_unicode_ci DEFAULT '1' COMMENT '支付平台：1微信，2支付宝,3网银',
  `trade_no` varchar(50) COLLATE utf8_unicode_ci DEFAULT NULL COMMENT '第三方交易号',
  `trade_status` varchar(25) COLLATE utf8_unicode_ci DEFAULT NULL COMMENT '交易状态',
  `total_fee` float(11,2) DEFAULT NULL COMMENT '交易金额',
  `notify_id` varchar(100) COLLATE utf8_unicode_ci DEFAULT NULL COMMENT '校验码',
  `notify_time` varchar(50) COLLATE utf8_unicode_ci DEFAULT NULL COMMENT '通知发送时间',
  `buyer_account` varchar(50) COLLATE utf8_unicode_ci DEFAULT NULL COMMENT '支付账户',
  `pay_time` varchar(50) COLLATE utf8_unicode_ci DEFAULT NULL COMMENT '支付时间',
  PRIMARY KEY (`id`)
) ENGINE=InnoDB AUTO_INCREMENT=25 DEFAULT CHARSET=utf8 COLLATE=utf8_unicode_ci COMMENT='订单支付表';

/*Data for the table `robam_orders_pay` */

LOCK TABLES `robam_orders_pay` WRITE;

insert  into `robam_orders_pay`(`id`,`order_id`,`payment_type`,`payments_id`,`pay_platform`,`trade_no`,`trade_status`,`total_fee`,`notify_id`,`notify_time`,`buyer_account`,`pay_time`) values (1,'ROBAM082111095797348',3,NULL,'2',NULL,NULL,NULL,NULL,NULL,NULL,NULL),(2,'ROBAM082111415270508',3,NULL,'2',NULL,NULL,NULL,NULL,NULL,NULL,NULL),(3,'ROBAM082111522309839',3,NULL,'2',NULL,NULL,NULL,NULL,NULL,NULL,NULL),(4,'ROBAM082212060917008',3,NULL,'2',NULL,NULL,NULL,NULL,NULL,NULL,NULL),(5,'ROBAM082212322718310',3,NULL,'2',NULL,NULL,NULL,NULL,NULL,NULL,NULL),(6,'ROBAM082208422340262',3,NULL,'2',NULL,NULL,NULL,NULL,NULL,NULL,NULL),(7,'ROBAM082209044479142',3,NULL,'1',NULL,NULL,NULL,NULL,NULL,NULL,NULL),(8,'ROBAM082209044479142',3,NULL,'1',NULL,NULL,NULL,NULL,NULL,NULL,NULL),(9,'ROBAM082209044479142',3,NULL,'1',NULL,NULL,NULL,NULL,NULL,NULL,NULL),(10,'ROBAM082209044479142',3,NULL,'1',NULL,NULL,NULL,NULL,NULL,NULL,NULL),(11,'ROBAM082209044479142',3,NULL,'1',NULL,NULL,NULL,NULL,NULL,NULL,NULL),(12,'ROBAM082209044479142',3,NULL,'1',NULL,NULL,NULL,NULL,NULL,NULL,NULL),(13,'ROBAM082209161389948',3,NULL,'1',NULL,NULL,NULL,NULL,NULL,NULL,NULL),(14,'ROBAM082209235911683',3,NULL,'1',NULL,NULL,NULL,NULL,NULL,NULL,NULL),(15,'ROBAM082209345298827',3,NULL,'1',NULL,NULL,NULL,NULL,NULL,NULL,NULL),(16,'ROBAM082210142925437',3,NULL,'2',NULL,NULL,NULL,NULL,NULL,NULL,NULL),(17,'ROBAM082210395241132',3,NULL,'2',NULL,NULL,NULL,NULL,NULL,NULL,NULL),(18,'ROBAM082210421742653',3,NULL,'1',NULL,NULL,NULL,NULL,NULL,NULL,NULL),(19,'ROBAM082211070254022',3,NULL,'1',NULL,NULL,NULL,NULL,NULL,NULL,NULL),(20,'ROBAM082211320526969',3,NULL,'2',NULL,NULL,NULL,NULL,NULL,NULL,NULL),(21,'ROBAM082211320526969',3,NULL,'2',NULL,NULL,NULL,NULL,NULL,NULL,NULL),(22,'ROBAM082211335893939',3,NULL,'2',NULL,NULL,NULL,NULL,NULL,NULL,NULL),(23,'ROBAM082202343801179',3,NULL,'2',NULL,NULL,NULL,NULL,NULL,NULL,NULL),(24,'ROBAM083011060303846',3,NULL,'2',NULL,NULL,NULL,NULL,NULL,NULL,NULL);

UNLOCK TABLES;

/*Table structure for table `robam_picture` */

DROP TABLE IF EXISTS `robam_picture`;

CREATE TABLE `robam_picture` (
  `id` int(10) unsigned NOT NULL AUTO_INCREMENT COMMENT '主键id自增',
  `path` varchar(255) NOT NULL DEFAULT '' COMMENT '路径',
  `url` varchar(255) NOT NULL DEFAULT '' COMMENT '图片链接',
  `md5` char(32) NOT NULL DEFAULT '' COMMENT '文件md5',
  `sha1` char(40) NOT NULL DEFAULT '' COMMENT '文件 sha1编码',
  `status` tinyint(2) NOT NULL DEFAULT '0' COMMENT '状态',
  `create_time` int(10) unsigned NOT NULL DEFAULT '0' COMMENT '创建时间',
  PRIMARY KEY (`id`)
) ENGINE=MyISAM AUTO_INCREMENT=198 DEFAULT CHARSET=utf8;

/*Data for the table `robam_picture` */

LOCK TABLES `robam_picture` WRITE;

insert  into `robam_picture`(`id`,`path`,`url`,`md5`,`sha1`,`status`,`create_time`) values (1,'/Uploads/Picture/2017-02-17/58a653733f028.jpg','','5efe9ed84dae448b42e3c0d5fc9a8355','ca45e6c0e2641759febfa84150d1417215502b8a',1,1487295346),(2,'/Uploads/Picture/2017-02-21/58abf66c35a2a.jpg','','cf49aa97b842af7c81dd60f046ac998a','b0fe16339be513ce0a2ee48cceb46cc9b8e5a21a',1,1487664748),(3,'/Uploads/Picture/2017-02-21/58abf8e7e63bb.jpg','','4d9add8ea23b1b29a7957c964b970a63','32060e71128a62a06b62889eb77e39bdabdfe4e2',1,1487665383),(4,'/Uploads/Picture/2017-02-21/58abf9849b779.jpg','','d2bdf564057e124a5d528cf791f21ee1','b43fe20331a59d0897180e774296f1e1830e2e6c',1,1487665540),(5,'/Uploads/Picture/2017-02-21/58abf9bd6b495.jpg','','21ab6073f521a315e69efbb40fd67d50','1cc4e5d5035dc7dda002ad62cbaee7913d6f1dbf',1,1487665597),(29,'/Uploads/Picture/2017-05-02/590811466a145.jpg','','5687026b9771dbde9e811c4b45a7419d','e0751bf48057fb2390ba64a5925ddcf4a34ad1b3',1,1493700934),(7,'/Uploads/Picture/2017-03-21/58d0d5ed52dc9.JPG','','7a5ff5dc6b6c19d962c4d3c62baae19e','ace68f6f5740eb479cbb51e31e9b25857ea496fe',1,1490081260),(8,'/Uploads/Picture/2017-03-21/58d0d61a43061.JPG','','9cc89d351ee13c8bd3eb19c7e2b67377','ee80e0f2bc56c81937f734dd35646b3d00d4dcb5',1,1490081306),(9,'/Uploads/Picture/2017-03-21/58d0e3fd7a44f.JPG','','7123437021598163f8e94785ecdfdf43','0808aa81f4c66814cb904cc13118c4362550da4d',1,1490084861),(10,'/Uploads/Picture/2017-03-21/58d0e4219f0a6.JPG','','c747c5a083f03efe55fe904e8ee88f14','814bef893cd289caa522aa4b7a884eb7bbfb2d1b',1,1490084897),(11,'/Uploads/Picture/2017-03-21/58d0ee0fe87b9.JPG','','3392c8be5bd507123287bb1e97e2ed49','fa269211b76daeda7c8364b74a23ee42d952811e',1,1490087439),(12,'/Uploads/Picture/2017-03-23/58d37c1da5b06.jpg','','1eb51c04fc69486351051f97e737677d','30632a24fcccd078cf52db83c6d5e9b5ac56548a',1,1490254877),(34,'/Uploads/Picture/2017-05-02/59081b78b132a.jpg','','7b06dcfc34186faf12ae314b3a719c7a','773e97e2e8c693b90b7a0e379340ac4c9fc4dbed',1,1493703542),(14,'/Uploads/Picture/2017-03-23/58d37c2fe3f4a.jpg','','904d374d4e44b811210196d873552b88','c2b6b7d273f252e30bceeede49ebe5dd5e14ce16',1,1490254895),(15,'/Uploads/Picture/2017-03-23/58d37c3553417.jpg','','b17183192da72c966a13b2f4b0455b37','027756ce157228233de342b626fa317dc9251304',1,1490254901),(16,'/Uploads/Picture/2017-03-23/58d37c39de3c4.JPG','','f66e527099c3fb6a68de3fa291eb7854','f48bc97f418807a43fa80c8b6bfb039fe40219bc',1,1490254905),(35,'/Uploads/Picture/2017-05-02/59081b7cbd761.JPG','','bf5a71cf38217d289c1056ec9b651956','bdfa36027ad5861ef1e7eaace9d4931e65ef961e',1,1493703548),(18,'/Uploads/Picture/2017-03-23/58d37c4b4e310.JPG','','5d81179e06f30028da95cae0b48a5362','9d5b344a0336704af96ada2d94b7892ee50d9e48',1,1490254923),(19,'/Uploads/Picture/2017-03-23/58d37c51810f3.JPG','','b2b935112482252eb8bdf779dda57054','d5d03d0bd69b3ea59925b912b080c4ed03319b12',1,1490254929),(20,'/Uploads/Picture/2017-03-23/58d37c58372da.JPG','','16bc097e6ca6a177bd8101088d30c6c4','bb25b57335583a1308ad234dc352c5b5bad93810',1,1490254936),(36,'/Uploads/Picture/2017-05-02/5908240533438.JPG','','1f62318f1705602babf0eafcb368a05c','8d0df29391c606e85f8311ad250e923ea0d38799',1,1493705733),(30,'/Uploads/Picture/2017-05-02/5908119eccb9e.jpg','','ea821e40dadfe1012e046573a4cc2227','2a71121b5e9a2114df29a003f16f2e365fbfe51f',1,1493701022),(31,'/Uploads/Picture/2017-05-02/590811a46ae76.jpg','','7b93896ad60bfce88cb34bab136bb62f','27a3cf327311d4082e3e00cfc95d27c95ab5375c',1,1493701026),(32,'/Uploads/Picture/2017-05-02/590811a654f53.jpg','','04aa7b5d4232b0757a9e4a39dc6b9cb9','856162bcd70452cf69bf692f0a0f87fdde436900',1,1493701028),(33,'/Uploads/Picture/2017-05-02/59081b31e4749.JPG','','d2a653086017055055e13e50af55a598','6c32a83dc219cffcf01d826a8c7874b38b306e1a',1,1493703473),(26,'/Uploads/Picture/2017-03-24/58d471bee06d0.JPG','','32d2d84bc5305aa32bdcd249bf0e8089','34f71a4b2a5a36e59486154991cfba117dbcd21c',1,1490317758),(27,'/Uploads/Picture/2017-03-24/58d471d51f21e.png','','b456ecc415b410a2b7b8afc6284c645b','1edaf067a5c6d2692a1027d0c715d8bdd9c145b6',1,1490317781),(28,'/Uploads/Picture/2017-03-24/58d471dc01718.JPG','','3cf05b00efdfc831936e607f12c6e9c2','f4318692097c806211ce88ef6fbca4094ea4ffca',1,1490317787),(37,'/Uploads/Picture/2017-05-02/5908300dee151.JPG','','1d477cd837fb39adf313589a90618627','afd0bc5c26bf8d68b42e2e21b1ba6d9ec3b9e944',1,1493708813),(38,'/Uploads/Picture/2017-05-03/590978a5afeb0.png','','5e9e229c42fee525885fd8c36c0b608b','87828c651346521efdf0ae243e55873a2509599f',1,1493792933),(39,'/Uploads/Picture/2017-05-03/5909796f63a1f.png','','57a1b6968f8bde88812e36805d7796ef','2b05238ac3c5f58ab9e7de08a917088610ae820f',1,1493793135),(40,'/Uploads/Picture/2017-05-03/59097ebda1147.jpg','','c9edd619d1e5c6d6c70fc6509f64698b','140fb64953dbb45186b9a91fe8d427ce84ddf1e2',1,1493794493),(41,'/Uploads/Picture/2017-05-03/59097f73a70a2.png','','0484cd0bba4b176201000b7e9afa2bdf','872aaa1d6a4dcd0393d5a0f923f5bf2ba4ac4722',1,1493794675),(42,'/Uploads/Picture/2017-05-03/59098a560b5e5.png','','f581f0a00a53eec27ac4bde1a30f80d8','dcf93edbce81ece7a9478b7428014232ed41b127',1,1493797462),(43,'/Uploads/Picture/2017-05-03/59098b903421e.png','','ec6898802d4efa721762c07a8f0be54d','46c3aa539a356d425eea9595466e0b7f4f9d654f',1,1493797776),(44,'/Uploads/Picture/2017-05-03/59098d9794bda.png','','418c92a8cba9515572169375b35ec307','aeeb043ce43b9a128f9fc035de5e1426296e38be',1,1493798295),(154,'/Uploads/Picture/2017-08-21/599aa0d81cfe2.jpg','','5715f954c0ad2e2c79a11746699e7f7d','de51a93fba68de384a1ad747114fc2a5c922e3dd',1,1503305944),(167,'/Uploads/Picture/2017-08-22/599b904da891a.jpg','','55bd7b0d7c1b37ae9b6f84a493d82bca','1f774e71ff4c8f96c8978c71305d3aeb91813ec1',1,1503367245),(172,'/Uploads/Picture/2017-08-22/599b91de83290.jpg','','96f6a46f40788f1eb8a55834d8e3e316','892c14cd1b1c4d44ff6cd1636296d23df4f7f56c',1,1503367646),(170,'/Uploads/Picture/2017-08-22/599b90fb96cb6.jpg','','f6bfe76d06710d872100fae3387caefa','dcef505c3258d8f3e67293faef147c9ff5c94e59',1,1503367419),(49,'/Uploads/Picture/2017-05-06/590d82769435c.jpg','','c71573cb87972c92c582ec320bf9f79b','8a9acfcadef65f1b42e17c27d54fc7b8ae13c49c',1,1494057590),(173,'/Uploads/Picture/2017-08-22/599b91ec0d154.jpg','','342ead59dac2445d676da02310fa8013','17399611ab4a6a0dc3ae8ecc94973dbdab4bf5cf',1,1503367660),(155,'/Uploads/Picture/2017-08-21/599aa0fa3a7be.jpg','','05c804d2dc1f12e3da1484bf57f19c36','344ec5be10d129c7713e7b7bd4f67617746502dc',1,1503305978),(168,'/Uploads/Picture/2017-08-22/599b9065ac0df.jpg','','065954d2dd6a19f1ae4aa9e306292e13','2416c20b141d03a5e2fdae969f991cc2c6d78894',1,1503367269),(174,'/Uploads/Picture/2017-08-22/599b9271da692.jpg','','fc496ecf812c51ce1e3af3b6d99811f5','11cb64b202f5672885e13fd647fa6b95488da9b6',1,1503367793),(175,'/Uploads/Picture/2017-08-22/599b92c5c73e8.jpg','','6f889c8de70b24a2aa4c4a06b292dfe6','0efe206356939a0c9405cdeff63bf0a821bad1e9',1,1503367877),(176,'/Uploads/Picture/2017-08-22/599b92d79be6d.jpg','','f512cf498648f8690cdb6d8d7e0db328','46c30cbfcdb9142b6fcf795f960f76a5076f2dae',1,1503367895),(184,'/Uploads/Picture/2017-08-23/599d438dd4efc.jpg','','48b531abfa7979daa2d30055eeb45691','c4f02988a5bd64edefb3879df4c08665ecc1eeed',1,1503478669),(169,'/Uploads/Picture/2017-08-22/599b90dfe25e7.jpg','','494e8b91a93ec23c471c2b61c27b9c94','ea081eadda907ad16ea4b94a4bbf031ef2ce456f',1,1503367391),(171,'/Uploads/Picture/2017-08-22/599b917314e39.jpg','','5d37bcf896f06f3a4156054bb296eb21','afb9a2b6b813aa763b3e8f81e5650f5615efe95d',1,1503367539),(179,'/Uploads/Picture/2017-08-22/599bf0b06d084.jpg','','15ee8b9e88fa86f40ef82f6b270686b7','05a4e81f96c1ae2717d5f74e85f66d776640dca0',1,1503391920),(180,'/Uploads/Picture/2017-08-22/599bf4ddb212a.jpg','','6dca0a8c5f1b345a0ba0e7a511aeae4e','3feccad42763ed35a822338dd1a279d5479609ef',1,1503392989),(130,'/Uploads/Picture/2017-08-18/59964ab5e5702.jpg','','57c23f697609abcb78f07699d7633dc6','25aea7f5d8af3be56ea0549f1bbf76c89b364c83',1,1503021749),(62,'/Uploads/Picture/2017-05-09/591176220765d.jpg','','f8dd0c091616f6022fcdb48761c1149c','7bb8fc4ac5f9f714f176a4cf6f32c9453728e5f0',1,1494316577),(63,'/Uploads/Picture/2017-05-09/59117625c0c0c.jpg','','d9116777155cae9eda4d82fae98ce288','b720ab6c11a52c8b9d5aa5264de88634e48ea42a',1,1494316581),(181,'/Uploads/Picture/2017-08-22/599bf4e9acf72.jpg','','00f570a8681b7f2db2bf05784c8262a7','4c5585a6445635d6528ca043a59e5e568d9832c0',1,1503393001),(65,'/Uploads/Picture/2017-05-09/5911906526892.jpg','','920646b9b72fbffa66cfbf7c5f8c8cc8','17af384ce2da79fd3431cb534807ccdc7cba814e',1,1494323301),(183,'/Uploads/Picture/2017-08-23/599cd2fc82adb.jpg','','e63d36813f3fd87a9d965521e4ef9b04','d3717f5f5a74ae1b4a0c6bf8fa1a49055f7aa84a',1,1503449852),(67,'/Uploads/Picture/2017-05-09/591191719b526.jpg','','e39bc8691f593405e47c8eb479060ada','3a3ec46e5bcc52e8c00c93644d810f372f1970f1',1,1494323569),(68,'/Uploads/Picture/2017-05-09/5911919ed39e1.jpg','','fdd28e519acaba9d1c8bb5bd96ca8b64','1ad54aa1299b985c3bf5acddda9a9477b4fa2cbe',1,1494323614),(69,'/Uploads/Picture/2017-05-09/59119224b2d1a.jpg','','576c112d04cd4359e3e85d5bfcc18ea3','615b421d48de375e6099573d0c5430a9e1b4f849',1,1494323748),(188,'/Uploads/Picture/2017-08-23/599d447fb0d85.jpg','','833ce000c804330ab0bedef3cad60152','18a30d56ce6d82d71ee1ff0ccc6f0120f39158b8',1,1503478911),(189,'/Uploads/Picture/2017-08-23/599d448cdd77a.jpg','','af3bc610922fb5bb7dd024379216de5c','9b5be3fc3e7508d9e03bf793580f9d799dfda6eb',1,1503478924),(190,'/Uploads/Picture/2017-08-23/599d44b8e01da.jpg','','c573e08fafc608270f1537477c86fdbb','c2db10710e9e9c007483a7ece4cbfb51cdd45913',1,1503478968),(191,'/Uploads/Picture/2017-08-23/599d44c37b24b.jpg','','653c1160b34a7ce452749a91c8792159','dbae65afc37adc968916190ab7c9578272680f92',1,1503478979),(192,'/Uploads/Picture/2017-08-23/599d44db2c736.jpg','','039df54dde7eb6a066aa84288cfcf16e','b4dcb906311ee4a69d7f2e4f29ddd923640cc81f',1,1503479003),(178,'/Uploads/Picture/2017-08-22/599b9f5fc7062.jpg','','da5ab908f0697bca3810be8eeaf6cc49','b9ee81884cbdd15326ac9e7490f18dbfaf18fb51',1,1503371103),(177,'/Uploads/Picture/2017-08-22/599b976351ec6.jpg','','ffb2ad3480741829579d7cf4e14d2914','f426716b0551de2202c615174bfdbc07d370c763',1,1503369059),(77,'/Uploads/Picture/2017-05-10/5912c1a13cd6f.jpg','','a93d5de5444df366fccb138efe2d6374','2c80206e312020b3f543c674803b985019d1851e',1,1494401441),(78,'/Uploads/Picture/2017-05-10/5912c8e0be442.jpg','','b04c6765d1a1bdbd723005b53eb57033','0e1c7081cc84f75e497b3e486594df91931030a6',1,1494403296),(79,'/Uploads/Picture/2017-05-10/5912cb1399b13.jpg','','abf17a1e661bef300b1f22fa4cddbf59','8460df3178d5b33c74dd364e1744c657345ffeae',1,1494403859),(80,'/Uploads/Picture/2017-05-10/5912cb4e27467.jpg','','f56029ea4ed1821afe7bab3d4bbd191b','7366771702137d8ad828d28b323d6abf06eff792',1,1494403918),(81,'/Uploads/Picture/2017-05-10/5912cb8ecdb4a.jpg','','f31a6183c28013ce963d073a1762d919','b9a41fc475aadf7551b5b57c1b556c88fbe069fe',1,1494403982),(82,'/Uploads/Picture/2017-05-10/5912d41c4c9c9.jpg','','c76033d1ce0795a36c874ce30865cfee','aa66aab927337671865a1ddee9916e2a0cda5d1b',1,1494406172),(159,'/Uploads/Picture/2017-08-22/599b8e7279706.jpg','','f99d6c6d85499efa430992329274b061','dae44f8ea872419a92a0b881977a5c3b44feb2e0',1,1503366770),(160,'/Uploads/Picture/2017-08-22/599b8e79e8bba.jpg','','739a350f67e10dc52fb25f5d80a9f428','42ca542a3c006ef404e2b477974b517c7420c3c9',1,1503366777),(85,'/Uploads/Picture/2017-05-10/5912e09727318.jpg','','ab9739376f0f8ec823ef31a90703f241','17d2092a2c2f83bc463d4367ff8c5d8cec2da6e8',1,1494409367),(158,'/Uploads/Picture/2017-08-21/599aa2e8d9d0d.jpg','','15df60421c65a3f3bca792f46ef0ddd3','4f1e5f13f72829ee4b28ef5fa58b002c7650f24d',1,1503306472),(157,'/Uploads/Picture/2017-08-21/599aa26ab22fd.jpg','','1bd12cd3d1e40a9cd7fa75d54af15a45','e5cc7adbeeabff7346a9d715045aa789b2a3b131',1,1503306346),(88,'/Uploads/Picture/2017-05-10/5912e9a9d20e2.jpg','','7ff4cbad434e9b16f5cce2ed2e3de0bf','15977026a42060e6cdba620d13a15ed993bc5101',1,1494411689),(162,'/Uploads/Picture/2017-08-22/599b8ec07e2fe.jpg','','c5391334a2435349e5adbdbfd8412917','85189afcc2efe7341c7fe8d48c24b552011eb7ef',1,1503366848),(164,'/Uploads/Picture/2017-08-22/599b8f9514d16.jpg','','20ff4159ec72c8048dc82151eb69dbe2','1035fc593c14e684040d59f4698a0fbba2f7787a',1,1503367061),(165,'/Uploads/Picture/2017-08-22/599b8f9e244ed.jpg','','e3d3e1804d599f50c84d6e79f0b8795e','f2a5d97956512f27728f7cc00a0b615fabd5e47d',1,1503367070),(166,'/Uploads/Picture/2017-08-22/599b8fa242109.jpg','','de87c7f6b743aa0861a14f23c38b0ab7','f1a32cbafd3dd985ceaa9724e273063fb5fec78d',1,1503367074),(161,'/Uploads/Picture/2017-08-22/599b8ea822075.jpg','','0e1258fcb9c1455a8b5008d283a49d06','92cc508f564df32afb780dbcb6b062480c85b5f4',1,1503366824),(156,'/Uploads/Picture/2017-08-21/599aa20d6a3c6.jpg','','5532385f408e74823b7d712f174d2f6e','e04046503e55dc59197fee033be2d8e9aa6a9f0c',1,1503306253),(95,'/Uploads/Picture/2017-05-11/59142832ee94f.jpg','','b78bc576e4d9d13e51568534024eda88','58bd57dfbd027e40cc27b1201172d86eee1f648f',1,1494493234),(96,'/Uploads/Picture/2017-05-11/59142bd00a49e.jpg','','aa36f96db083e989b063f84ce4d7fb7c','06756b6d206424765a7a7267f985514bbf2b8f50',1,1494494160),(97,'/Uploads/Picture/2017-05-11/59142dd37e211.jpg','','f6ade624960a6afc7cad1ee8ad0e0408','83c4f5cb9fca6fde6d5738a27bfdc36db73bef38',1,1494494675),(153,'/Uploads/Picture/2017-08-21/599a9fb8d2b9f.jpg','','be255547504e6ca9c2bcae2d7d492980','97edd222642043fd58121142d926eb91f2f5db9e',1,1503305656),(99,'/Uploads/Picture/2017-05-12/59156227786dc.jpg','','8441187b1cafc38d62e8f046062e5b3f','5aa68f16c98be6aa5499b42f54d7d2e5e9b782fe',1,1494573607),(100,'/Uploads/Picture/2017-05-13/5916c896e8d11.jpg','','969c39f8af3d3016cde81d356c688f69','03438dbb55e9459b75dc1e0caf0af6fe91f02e3e',1,1494665366),(101,'/Uploads/Picture/2017-05-13/5916cb2741394.jpg','','d94bd25b328c6b5dcc224c9afdda290d','504515366a29f98887e33f7bea6dcd8b1467a985',1,1494666023),(102,'/Uploads/Picture/2017-05-13/5916cb9657486.jpg','','3341a750e0c8e4d2431329bfc75a03b7','c9cf851b33bd27a482d76f6f03eca7828b7720fd',1,1494666134),(152,'/Uploads/Picture/2017-08-21/599a9fa115683.jpg','','50e4683df05b6499888b8b71d2a73381','89f4151c7f1288dccebb58b80aaf9f40f9f5aa3a',1,1503305633),(151,'/Uploads/Picture/2017-08-21/599a9f6c04e88.jpg','','9c2e8213cb5be7c5e2e62d93c947167a','cbd39f613e4955ee24bdc1133b2008359365b341',1,1503305580),(105,'/Uploads/Picture/2017-06-11/593d00f985176.jpg','','103c45cd66a007c708c947ce76307111','ae9e5db829c959c6d51ab096859871249ada8b59',1,1497170169),(106,'/Uploads/Picture/2017-07-02/5958b737e376a.jpg','','f0f1da1233b5700005fa156a12835ea7','67d8fa134d803b3c86393fadd4378508c6bc4454',1,1498986295),(107,'/Uploads/Picture/2017-07-25/5976ac29803ec.jpg','','a44800034f44b8e6fc035f5a7a37487e','cc29132f5a87cfcff700eeb0f9dc6726fd7290c2',1,1500949545),(108,'/Uploads/Picture/2017-07-25/5976b320b1cdd.jpg','','7d32949e8da232e4aa8def7cedf44455','d0cd0648d79a9aeaad894001fcfaddaee8986868',1,1500951328),(150,'/Uploads/Picture/2017-08-21/599a9db74152b.jpg','','0ecb92efe25a54da68ee1e27aa42d2aa','5894c85c6e79540e17d8b458bfc0f50da060c9b6',1,1503305143),(149,'/Uploads/Picture/2017-08-21/599a8f89e2458.jpg','','e43ea257f6a131faf80824729e890a87','23d8cf394dc6c731343e8315c8a771f5a4185001',1,1503301513),(148,'/Uploads/Picture/2017-08-21/599a8f46df3f9.jpg','','4d4b0f7c96c87f6708ca5573a2e8adf9','aeeb711c55cdd89411cb85ad953a1e84c51db357',1,1503301446),(112,'/Uploads/Picture/2017-07-30/597d9a2226ebd.jpg','','bcb63f6b3b01168058edd0d79dd89586','07b8a71dff09f03dbc971964fab236521e44a929',1,1501403682),(147,'/Uploads/Picture/2017-08-21/599a8f371a930.jpg','','236f1207e195a3dd931048d77da35dd3','797487df2e77e70377fcaf881c04e11021218224',1,1503301431),(146,'/Uploads/Picture/2017-08-21/599a8f062decb.jpg','','94c3930aa2d511b00e9d5b642c12203e','ab5320a1ef74f66a78af617e979526bec00e42cf',1,1503301382),(145,'/Uploads/Picture/2017-08-21/599a8ef928c77.jpg','','c87d27aa4116378040bbe1f1cb50a17f','5217d0089ef6aaeba7fff07680ca9fd806908e05',1,1503301369),(144,'/Uploads/Picture/2017-08-21/599a8ecc497e3.jpg','','35e3246d2d61a9e8f02a29dc937732c0','bdeb3b3eeee01be0ed1b9cb879ad7e17e5d06671',1,1503301324),(143,'/Uploads/Picture/2017-08-21/599a8eba08498.jpg','','5e42e643d3707d7d8df7a0855f033767','97e334ac1c72b30c30efc6cfd99ec02cc054644e',1,1503301306),(142,'/Uploads/Picture/2017-08-21/599a8c0eb21cc.jpg','','b2fbd7a648342edff06917c1f63a16b3','d74662735ec9f625314929a6dcf1ff618199515f',1,1503300622),(141,'/Uploads/Picture/2017-08-21/599a8bd02d89f.jpg','','024f26d46ad972cc788fd0d8907b3bd9','78f3d5f5692b83d44e1e5af7bbc11d7ee00dcacc',1,1503300560),(140,'/Uploads/Picture/2017-08-21/599a8a6da6f71.jpg','','d78e0dfb35bdf0ce02523e8d1e904252','12c86f0dc4942cc55d93baf3d7285c590ec23d8f',1,1503300205),(139,'/Uploads/Picture/2017-08-21/599a87cde7099.jpg','','44a8ec931ced34f4a154647d7609c83b','332cee4f8e8da1b2bc9ce9f92101126242262078',1,1503299533),(138,'/Uploads/Picture/2017-08-21/599a876c586f0.jpg','','c34e70979d0c08ce33ef8dd6f10e3cca','2c8d5a826c30b82b516937d80c2e2ed0cf28d0f4',1,1503299436),(137,'/Uploads/Picture/2017-08-21/599a87337ed79.jpg','','a325511070aaad4b14a46503b3544bd2','5bc1699b6edbce926d1edb3f67ebecd2cd23c1ea',1,1503299379),(136,'/Uploads/Picture/2017-08-21/599a86fba1220.jpg','','d8e25305530bd6284ee911ac51a7f405','9fb1973f6868bdc7d8c60c29230ac082489fdf70',1,1503299323),(135,'/Uploads/Picture/2017-08-21/599a86eb08fba.jpg','','53985c9037746542c6dc8e4bc7e88f43','9d3eee24855644086609b8385c1c9d322e0339e7',1,1503299307),(134,'/Uploads/Picture/2017-08-21/599a86a3eb82f.jpg','','ef97f64f4411fce9fe0ebc5cb18826bd','a4099b7db601494e02c95f0beb0dc7218bd6955d',1,1503299235),(133,'/Uploads/Picture/2017-08-21/599a8695ad820.jpg','','8c42c6a5598f2b4064c9e26217a9918f','cec58cb5c657538d96772681499b42ff2e95a108',1,1503299221),(132,'/Uploads/Picture/2017-08-21/599a8652c4292.jpg','','927b6042f554ce8d9d6ddc586d41d2af','1ae7a2e0e931f2187ca367e8a5f22aac04b78e02',1,1503299154),(131,'/Uploads/Picture/2017-08-18/59964c64d8b27.jpg','','1564daa4fbdabff8c9db0cb5ae916131','0b2eb630e916dba9243e84f98f13cd0f4d0196c6',1,1503022180),(163,'/Uploads/Picture/2017-08-22/599b8f3086bd9.jpg','','fee58a56b2b3d4bc00ca49a14a6872d5','701a13ff981a18e507685746cf31a0fd6a4b5aab',1,1503366960),(182,'/Uploads/Picture/2017-08-22/599bf50f5839a.jpg','','0c56fa5c81f56a75ecfea4158d08efb9','bf0c463fa1034d58e83a446482973d1afcc695e9',1,1503393039),(185,'/Uploads/Picture/2017-08-23/599d4417b5563.jpg','','8e24886828a053e78c7ad593f15665ca','65a166cb2955e4443f71c150ba7653f466649199',1,1503478807),(186,'/Uploads/Picture/2017-08-23/599d4442acfcc.jpg','','cb5cae51f9dd63f539ffcfdf017cdb44','1f2d66d4a57b24f34c5830cba864b66075f92b46',1,1503478850),(187,'/Uploads/Picture/2017-08-23/599d444f54937.jpg','','862023b329bfa30747f6ba4094a189d8','8fd3b6934fe85040a06888e12900d3f12550dc52',1,1503478863),(193,'/Uploads/Picture/2017-08-23/599d455e2caa4.jpg','','9e20ed27cd37335592690af5da8430a4','27368f0a21ff9a91551736b171db1ce333e814f5',1,1503479134),(194,'/Uploads/Picture/2017-10-17/59e57706d9798.jpg','','705bfb78399d912bbb600fb1a5223c27','69f2828c2858bf0ba85ebbfe3cd826ed65a03384',1,1508210438),(195,'/Uploads/Picture/2017-10-17/59e57718e721a.jpg','','85aafb3b210ada7d82382c56e1d9aea4','73ff69025f59a573cc6a36a0150f4137da570d35',1,1508210456),(196,'/Uploads/Picture/2017-11-13/5a08f2366cd02.jpg','','cb397f6096f98c9c3bf273514e90904a','a26174381703501643d36d733a1485dcf3b18c3f',1,1510535734),(197,'/Uploads/Picture/2017-12-18/5a3724ce99d4e.jpg','','b7392f8e70e0f826a581f5b9ce2ac768','09bac99477d4100abfcaabd5830dc3a48d0815b9',1,1513563342);

UNLOCK TABLES;

/*Table structure for table `robam_shop_active` */

DROP TABLE IF EXISTS `robam_shop_active`;

CREATE TABLE `robam_shop_active` (
  `id` int(11) NOT NULL AUTO_INCREMENT,
  `title` varchar(64) NOT NULL COMMENT '主题',
  `outside` tinyint(1) NOT NULL DEFAULT '1' COMMENT '活动性质　1外部 0 内部',
  `type` tinyint(1) NOT NULL COMMENT '类型 1:一口价 2:优惠  3.促销活动 4.订单活动',
  `price_active` varchar(64) DEFAULT NULL COMMENT '价格|优惠',
  `game_start` int(11) DEFAULT NULL COMMENT '活动开始时间',
  `game_end` int(11) DEFAULT NULL COMMENT '活动结束时间',
  `status` tinyint(1) NOT NULL DEFAULT '1' COMMENT '状态',
  `create_time` int(11) NOT NULL COMMENT '创建时间',
  `update_time` int(11) NOT NULL COMMENT '修改时间',
  PRIMARY KEY (`id`)
) ENGINE=InnoDB AUTO_INCREMENT=61 DEFAULT CHARSET=utf8;

/*Data for the table `robam_shop_active` */

LOCK TABLES `robam_shop_active` WRITE;

insert  into `robam_shop_active`(`id`,`title`,`outside`,`type`,`price_active`,`game_start`,`game_end`,`status`,`create_time`,`update_time`) values (57,'5.18大促销',1,2,'85',1495070700,1495157100,1,1493861186,1493861714),(58,'518大促销',1,1,'1111',1493861700,1493861700,1,1493861760,1493861760),(59,'订单总体满减',1,4,'1000:10',1493861760,1495157760,1,1493861828,1493861828),(60,'518活动',1,2,'75%',1494991620,1495078020,1,1494559798,1494559798);

UNLOCK TABLES;

/*Table structure for table `robam_shop_active_goods` */

DROP TABLE IF EXISTS `robam_shop_active_goods`;

CREATE TABLE `robam_shop_active_goods` (
  `active_id` int(11) NOT NULL COMMENT '活动id',
  `item_id` int(11) NOT NULL COMMENT '商品id',
  `status` tinyint(1) NOT NULL DEFAULT '1' COMMENT '状态',
  `create_time` int(11) NOT NULL DEFAULT '0' COMMENT '创建时间',
  `update_time` int(11) NOT NULL DEFAULT '0' COMMENT '修改时间',
  PRIMARY KEY (`active_id`,`item_id`)
) ENGINE=InnoDB DEFAULT CHARSET=utf8;

/*Data for the table `robam_shop_active_goods` */

LOCK TABLES `robam_shop_active_goods` WRITE;

insert  into `robam_shop_active_goods`(`active_id`,`item_id`,`status`,`create_time`,`update_time`) values (1,3,1,1493861186,1493861186),(1,4,1,1493861186,1493861186),(57,4,1,1493861714,1493861714),(57,15,1,1493861714,1493861714),(58,3,1,1493861760,1493861760),(58,5,1,1493861760,1493861760),(60,4,1,1494559798,1494559798),(60,7,1,1494559798,1494559798),(60,10,1,1494559798,1494559798),(60,19,1,1494559798,1494559798);

UNLOCK TABLES;

/*Table structure for table `robam_shop_address` */

DROP TABLE IF EXISTS `robam_shop_address`;

CREATE TABLE `robam_shop_address` (
  `id` int(11) NOT NULL AUTO_INCREMENT,
  `user_id` varchar(50) COLLATE utf8_unicode_ci NOT NULL,
  `name` varchar(255) COLLATE utf8_unicode_ci NOT NULL COMMENT '收货人姓名',
  `phone` varchar(11) COLLATE utf8_unicode_ci NOT NULL DEFAULT '' COMMENT '收货人电话',
  `area` varchar(128) COLLATE utf8_unicode_ci NOT NULL COMMENT '城市',
  `address` varchar(255) COLLATE utf8_unicode_ci NOT NULL COMMENT '收货人地址',
  `is_default` int(11) NOT NULL DEFAULT '0' COMMENT '是否默认：1是，0否',
  `status` int(11) DEFAULT '1' COMMENT '状态，1有效，0删除',
  `create_time` int(11) NOT NULL COMMENT '创建时间',
  `update_time` int(11) DEFAULT NULL COMMENT '修改时间',
  PRIMARY KEY (`id`)
) ENGINE=InnoDB AUTO_INCREMENT=5 DEFAULT CHARSET=utf8 COLLATE=utf8_unicode_ci COMMENT='收货地址表';

/*Data for the table `robam_shop_address` */

LOCK TABLES `robam_shop_address` WRITE;

insert  into `robam_shop_address`(`id`,`user_id`,`name`,`phone`,`area`,`address`,`is_default`,`status`,`create_time`,`update_time`) values (1,'10','张珊','15995850157','相城区','白塔犀利22号',0,1,11,1495006178),(2,'10','张申','15995850152','苏州','男',0,1,1488122297,1488122297),(3,'11','王华','15995850157','南京','水电费',1,1,1491286768,1491286768),(4,'10','顽固啊','15995850156','常熟市','132343',1,1,1491471475,1491471475);

UNLOCK TABLES;

/*Table structure for table `robam_shop_cart` */

DROP TABLE IF EXISTS `robam_shop_cart`;

CREATE TABLE `robam_shop_cart` (
  `id` int(11) NOT NULL AUTO_INCREMENT,
  `user_id` varchar(128) NOT NULL,
  `category_id` int(11) NOT NULL,
  `goods_id` int(11) NOT NULL,
  `goods_name` varchar(128) NOT NULL,
  `thumb` varchar(256) NOT NULL,
  `num` int(11) NOT NULL,
  `price_sales` float(11,2) NOT NULL,
  `fuel_name` varchar(128) NOT NULL,
  `color_name` varchar(128) DEFAULT NULL,
  `status` tinyint(1) NOT NULL DEFAULT '1' COMMENT '0:清空 1:正常',
  `reward_rate` float(11,2) DEFAULT NULL,
  `create_time` int(11) NOT NULL,
  `update_time` int(11) NOT NULL,
  PRIMARY KEY (`id`)
) ENGINE=InnoDB AUTO_INCREMENT=33 DEFAULT CHARSET=utf8;

/*Data for the table `robam_shop_cart` */

LOCK TABLES `robam_shop_cart` WRITE;

insert  into `robam_shop_cart`(`id`,`user_id`,`category_id`,`goods_id`,`goods_name`,`thumb`,`num`,`price_sales`,`fuel_name`,`color_name`,`status`,`reward_rate`,`create_time`,`update_time`) values (14,'10',2,1,'测试商品1','/Uploads/Picture/2017-02-21/58ac06e04fc2a.jpg',4,100.00,'天然气','红色',0,10.00,1488120147,1488120147),(15,'10',2,1,'测试商品1','/Uploads/Picture/2017-02-21/58ac06e04fc2a.jpg',4,100.00,'天然气','白色',0,10.00,1488120151,1488120151),(16,'10',2,1,'测试商品1','/Uploads/Picture/2017-02-21/58ac06e04fc2a.jpg',1,100.00,'液化气',NULL,0,10.00,1491490430,1491490430),(17,'10',2,1,'测试商品1','/Uploads/Picture/2017-05-02/590811466a145.jpg',1,100.00,'天然气',NULL,0,10.00,1493706091,1493706091),(18,'10',1,6,'Robam/老板 欧式平板型油烟机CXW-200-8329','/Uploads/Picture/2017-05-06/590d8242791d7.jpg',1,5168.00,'',NULL,0,0.00,1495006151,1495006151),(19,'10',1,6,'Robam/老板 欧式平板型油烟机CXW-200-8329','/Uploads/Picture/2017-05-06/590d8242791d7.jpg',1,5168.00,'',NULL,0,0.00,1495069482,1495069482),(20,'10',2,15,'Robam/老板 嵌入式燃气灶JZ(Y/T/R)-9B32','/Uploads/Picture/2017-05-06/590d98bf529b8.jpg',1,3468.00,'天然气',NULL,0,0.00,1495069576,1495069576),(21,'10',1,6,'Robam/老板 欧式平板型油烟机CXW-200-8329','/Uploads/Picture/2017-05-06/590d8242791d7.jpg',1,5168.00,'',NULL,0,0.00,1495090453,1495090453),(22,'10',2,13,'Robam/老板 嵌入式燃气灶JZ(Y/T/R)-9G38','/Uploads/Picture/2017-05-06/590d933da14fb.jpg',1,3468.00,'天然气',NULL,0,0.00,1495090465,1495090465),(23,'10',1,3,'Robam/老板 欧式跨界型油烟机CXW-200-8229','/Uploads/Picture/2017-05-06/590d7c6d1f69f.jpg',3,7310.00,'',NULL,0,0.00,1495090575,1495090575),(24,'10',2,33,'Robam/老板 嵌入式燃气灶JZ(Y/T/R)-9B20','/Uploads/Picture/2017-05-10/5912e62edcceb.jpg',1,2635.00,'天然气',NULL,0,0.00,1500879896,1500879896),(25,'10',1,3,'Robam/老板 欧式跨界型油烟机CXW-200-8229','/Uploads/Picture/2017-05-06/590d7c6d1f69f.jpg',1,7310.00,'',NULL,0,0.00,1500945606,1500945606),(26,'10',1,6,'Robam/老板 欧式平板型油烟机CXW-200-8329','/Uploads/Picture/2017-08-22/599b90fb96cb6.jpg',1,4560.00,'',NULL,0,0.00,1503367936,1503367936),(27,'10',1,6,'Robam/老板 欧式平板型油烟机CXW-200-8329','/Uploads/Picture/2017-08-22/599b90fb96cb6.jpg',1,4560.00,'',NULL,0,0.00,1503367954,1503367954),(28,'10',2,16,'Robam/老板 嵌入式燃气灶JZ(Y/T/R)-7B13','/Uploads/Picture/2017-08-22/599b917314e39.jpg',1,1881.00,'天然气',NULL,0,0.00,1503368042,1503368042),(29,'10',1,11,'Robam/老板 欧式侧吸型油烟机CXW-200-5600','/Uploads/Picture/2017-08-22/599b9271da692.jpg',1,4703.00,'',NULL,0,0.00,1503372708,1503372708),(30,'10',1,4,'Robam/老板 欧式跨界型油烟机CXW-200-8215','/Uploads/Picture/2017-08-22/599b904da891a.jpg',1,5850.00,'',NULL,0,12.00,1503383663,1503383663),(31,'10',1,5,'Robam/老板 欧式平板型油烟机CXW-200-8328','/Uploads/Picture/2017-08-22/599b91de83290.jpg',1,4988.00,'',NULL,0,12.00,1503383669,1503383669),(32,'10',1,4,'Robam/老板 欧式跨界型油烟机CXW-200-8215','/Uploads/Picture/2017-08-22/599b904da891a.jpg',1,5850.00,'',NULL,1,12.00,1504062360,1504062360);

UNLOCK TABLES;

/*Table structure for table `robam_shop_category` */

DROP TABLE IF EXISTS `robam_shop_category`;

CREATE TABLE `robam_shop_category` (
  `id` int(11) NOT NULL AUTO_INCREMENT COMMENT '自增主键',
  `name` varchar(64) NOT NULL COMMENT '分类名称',
  `reward_rate` float(11,2) NOT NULL COMMENT '奖励百分百',
  `status` tinyint(1) NOT NULL DEFAULT '1' COMMENT '状态',
  `create_time` int(11) NOT NULL COMMENT '创建时间',
  `update_time` int(11) NOT NULL COMMENT '修改时间',
  PRIMARY KEY (`id`)
) ENGINE=InnoDB AUTO_INCREMENT=11 DEFAULT CHARSET=utf8;

/*Data for the table `robam_shop_category` */

LOCK TABLES `robam_shop_category` WRITE;

insert  into `robam_shop_category`(`id`,`name`,`reward_rate`,`status`,`create_time`,`update_time`) values (1,'油烟机',12.00,1,1487925084,1502767067),(2,'灶具',12.00,1,1487925084,1502767067),(3,'消毒柜',5.00,1,1487925084,1502767067),(4,'电烤箱',5.00,1,1487925084,1502767067),(5,'蒸汽炉',5.00,1,1487925084,1502767067),(6,'微波炉',5.00,1,1487925084,1502767067),(7,'洗碗机',5.00,1,1487925084,1502767067),(8,'净水器',5.00,1,1487925084,1502767067),(9,'其他',5.00,1,1487925084,1502767067),(10,'套装',10.00,1,1,1502767067);

UNLOCK TABLES;

/*Table structure for table `robam_shop_city` */

DROP TABLE IF EXISTS `robam_shop_city`;

CREATE TABLE `robam_shop_city` (
  `id` int(11) NOT NULL AUTO_INCREMENT,
  `city` varchar(64) NOT NULL DEFAULT '苏州',
  `area` varchar(64) NOT NULL,
  `sends` varchar(512) NOT NULL DEFAULT '',
  `status` tinyint(1) NOT NULL DEFAULT '1',
  `create_tiem` int(11) NOT NULL,
  `update_time` int(11) NOT NULL,
  PRIMARY KEY (`id`)
) ENGINE=InnoDB AUTO_INCREMENT=11 DEFAULT CHARSET=utf8;

/*Data for the table `robam_shop_city` */

LOCK TABLES `robam_shop_city` WRITE;

insert  into `robam_shop_city`(`id`,`city`,`area`,`sends`,`status`,`create_tiem`,`update_time`) values (1,'苏州','工业园区','{\"1\":{\"start\":\"08:40\",\"end\":\"18:30\"},\"2\":{\"start\":\"08:40\",\"end\":\"18:30\"}}',1,1,1493693657),(2,'苏州','吴中区','3,4,5',1,0,1491368661),(3,'苏州','姑苏区','2,3',1,0,1491471510),(4,'苏州','相城区','2,3',1,0,1491470641),(5,'苏州','虎丘区','2,3',1,0,1491470647),(6,'苏州','常熟市','2,3',1,0,1491470653),(7,'苏州','昆山市','2,3',1,0,1491470659),(8,'苏州','张家港市','2,3',1,0,1491470665),(9,'苏州','太仓市','2,3',1,0,1491470672),(10,'苏州','吴江区','2,3',1,0,1491471346);

UNLOCK TABLES;

/*Table structure for table `robam_shop_goods` */

DROP TABLE IF EXISTS `robam_shop_goods`;

CREATE TABLE `robam_shop_goods` (
  `goods_id` int(11) NOT NULL AUTO_INCREMENT,
  `goods_name` varchar(255) COLLATE utf8_unicode_ci NOT NULL COMMENT '商品名称',
  `category_id` int(11) DEFAULT NULL COMMENT '产品分类',
  `cover` varchar(255) COLLATE utf8_unicode_ci DEFAULT NULL COMMENT '封面图',
  `thumb` varchar(255) COLLATE utf8_unicode_ci NOT NULL COMMENT '缩略图',
  `scenegraph` varchar(255) COLLATE utf8_unicode_ci DEFAULT NULL COMMENT '场景图',
  `description` text COLLATE utf8_unicode_ci COMMENT '描述',
  `price_market` float(20,0) DEFAULT '0' COMMENT '市场价',
  `price_sales` float(20,0) NOT NULL COMMENT '销售价',
  `reward_rate` varchar(12) COLLATE utf8_unicode_ci DEFAULT NULL COMMENT '提成',
  `outlink` varchar(500) COLLATE utf8_unicode_ci DEFAULT NULL COMMENT '外链',
  `sort_id` int(11) DEFAULT '1' COMMENT '燃料',
  `fuel` varchar(128) COLLATE utf8_unicode_ci DEFAULT '0' COMMENT '颜色',
  `color` varchar(128) COLLATE utf8_unicode_ci DEFAULT '' COMMENT '推荐商品，以逗号相隔',
  `status` tinyint(1) DEFAULT '2' COMMENT '2 在售商品 1 待售商品 0 下架商品',
  `create_time` int(11) DEFAULT NULL COMMENT '创建时间',
  `update_time` int(11) DEFAULT '0' COMMENT '修改时间',
  `price_game` float(20,0) DEFAULT NULL COMMENT '活动价格',
  `game_start` int(11) DEFAULT NULL COMMENT '活动开始时间',
  `game_end` int(11) DEFAULT NULL COMMENT '活动结束时间',
  PRIMARY KEY (`goods_id`)
) ENGINE=InnoDB AUTO_INCREMENT=64 DEFAULT CHARSET=utf8 COLLATE=utf8_unicode_ci COMMENT='商品明细表';

/*Data for the table `robam_shop_goods` */

LOCK TABLES `robam_shop_goods` WRITE;

insert  into `robam_shop_goods`(`goods_id`,`goods_name`,`category_id`,`cover`,`thumb`,`scenegraph`,`description`,`price_market`,`price_sales`,`reward_rate`,`outlink`,`sort_id`,`fuel`,`color`,`status`,`create_time`,`update_time`,`price_game`,`game_start`,`game_end`) values (1,'测试商品1',2,NULL,'/Uploads/Picture/2017-05-02/590811466a145.jpg',NULL,'<p>\r\n	<span style=\"font-size:16px;line-height:24px;\">规格参数:</span> \r\n</p>\r\n<p>\r\n	<span style=\"font-size:16px;line-height:24px;\">热负荷/功率（kw）：4.1</span> \r\n</p>\r\n<p>\r\n	<span style=\"font-size:16px;line-height:24px;\">材料：三层钢化玻璃</span> \r\n</p>\r\n<p>\r\n	<span style=\"font-size:16px;line-height:24px;\"></span> \r\n</p>\r\n<p>\r\n	<span style=\"font-size:16px;line-height:24px;\">外形尺寸（mm）：长730*宽410*高129</span> \r\n</p>\r\n<p>\r\n	<span style=\"font-size:16px;line-height:24px;\">开孔尺寸（mm）：669*360</span> \r\n</p>\r\n<p style=\"text-align:left;\">\r\n	<span style=\"font-size:16px;line-height:24px;\">重量（kg）：13</span> \r\n</p>\r\n<p style=\"text-align:left;\">\r\n	<span style=\"font-size:16px;line-height:24px;\">油烟机</span> \r\n</p>\r\n<p style=\"text-align:left;\">\r\n	<span style=\"font-size:16px;line-height:24px;\">油烟机款式：欧式</span> \r\n</p>\r\n<p style=\"text-align:left;\">\r\n	<span style=\"font-size:16px;line-height:24px;\">额定功率（w）：200</span> \r\n</p>\r\n<p style=\"text-align:left;\">\r\n	<span style=\"font-size:16px;line-height:24px;\">最大风量（m3/min）：18</span> \r\n</p>\r\n<p style=\"text-align:left;\">\r\n	<span style=\"font-size:16px;line-height:24px;\">噪声（db）：51</span> \r\n</p>\r\n<p style=\"text-align:left;\">\r\n	<span style=\"font-size:16px;line-height:24px;\">最大风压值（pa）：350</span> \r\n</p>\r\n<p>\r\n	开关/按钮：触摸按钮\r\n</p>\r\n<p>\r\n	材质工艺：油膜拉丝不锈钢+不沾油涂层\r\n</p>\r\n<p>\r\n	<img src=\"http://www.robam.com/upload/201612/30/201612302227195102.jpg\" alt=\"\" /> \r\n</p>',120,100,'10',NULL,1,'1,2',NULL,0,1487669026,1493792839,12,1491211560,1491470760),(2,'111',1,NULL,'/Uploads/Picture/2017-05-02/5908300dee151.JPG',NULL,'<img alt=\"\" src=\"/Uploads/Editor/2017-05-02/59082ffb16f99.JPG\" />',11111,11111,'12',NULL,1,'1','',0,1493708825,1493792844,0,0,0),(3,'Robam/老板 欧式跨界型油烟机CXW-200-8229【测试】',1,NULL,'/Uploads/Picture/2017-08-21/599aa0d81cfe2.jpg',NULL,'<div style=\"text-align:center;\">\r\n	<img src=\"/Uploads/Editor/2017-08-22/599b91b4b661d.jpg\" alt=\"\" /><br />\r\n</div>',8600,6450,'12',NULL,1,NULL,'',2,1493793012,1503367606,1,1494833280,1506756480),(4,'Robam/老板 欧式跨界型油烟机CXW-200-8215',1,NULL,'/Uploads/Picture/2017-08-22/599b904da891a.jpg',NULL,'<div style=\"text-align:center;\">\r\n	<img src=\"/Uploads/Editor/2017-08-22/599b903c72c29.jpg\" alt=\"\" /><br />\r\n</div>',7800,5850,'12',NULL,1,NULL,'',2,1493793168,1503367248,0,0,0),(5,'Robam/老板 欧式平板型油烟机CXW-200-8328',1,NULL,'/Uploads/Picture/2017-08-22/599b91de83290.jpg',NULL,'<div style=\"text-align:center;\">\r\n	<img src=\"/Uploads/Editor/2017-08-22/599b91ceaa6ac.jpg\" alt=\"\" /><br />\r\n</div>',6650,4988,'12',NULL,1,NULL,'',2,1493797575,1503367648,0,0,0),(6,'Robam/老板 欧式平板型油烟机CXW-200-8329',1,NULL,'/Uploads/Picture/2017-08-22/599b90fb96cb6.jpg',NULL,'<div style=\"text-align:center;\">\r\n	<img src=\"/Uploads/Editor/2017-08-22/599b9109d76b3.jpg\" alt=\"\" /><br />\r\n</div>',6080,4560,'12',NULL,1,NULL,'',2,1494057558,1503367435,0,0,0),(7,'Robam/老板 欧式平板型油烟机CXW-200-8020',1,NULL,'/Uploads/Picture/2017-05-06/590d82769435c.jpg',NULL,'<img alt=\"\" src=\"/Uploads/Editor/2017-05-09/591194537ba22.jpg\" /> \r\n<p style=\"text-align:center;\">\r\n	<img src=\"/Uploads/Editor/2017-05-11/5913d0d11cfdd.jpg\" alt=\"\" /> \r\n</p>',5130,4360,'0',NULL,1,NULL,'',0,1494057601,1494912564,0,0,0),(8,'Robam/老板 欧式平板型油烟机CXW-200-8005 ',1,NULL,'/Uploads/Picture/2017-08-22/599b91ec0d154.jpg',NULL,'<div style=\"text-align:center;\">\r\n	<img src=\"/Uploads/Editor/2017-08-22/599b9242db730.jpg\" alt=\"\" /><br />\r\n</div>',3800,2850,'12',NULL,1,NULL,'',2,1494058454,1503367749,0,0,0),(9,'Robam/老板 欧式侧吸型油烟机CXW-200-5900',1,NULL,'/Uploads/Picture/2017-08-21/599aa0fa3a7be.jpg',NULL,'<div style=\"text-align:center;\">\r\n	<img src=\"/Uploads/Editor/2017-08-22/599b925ae4adf.jpg\" alt=\"\" /><br />\r\n</div>',9200,6900,'12',NULL,1,NULL,'',2,1494058693,1503367779,0,0,0),(10,'Robam/老板 欧式侧吸型油烟机CXW-200-5610 ',1,NULL,'/Uploads/Picture/2017-08-22/599b9065ac0df.jpg',NULL,'<div style=\"text-align:center;\">\r\n	<img src=\"/Uploads/Editor/2017-08-22/599b9074c53cd.jpg\" alt=\"\" /><br />\r\n</div>',8000,6000,'0',NULL,1,NULL,'',2,1494058726,1503367286,0,0,0),(11,'Robam/老板 欧式侧吸型油烟机CXW-200-5600',1,NULL,'/Uploads/Picture/2017-08-22/599b9271da692.jpg',NULL,'<div style=\"text-align:center;\">\r\n	<img src=\"/Uploads/Editor/2017-08-22/599b92873104e.jpg\" alt=\"\" /><br />\r\n</div>',6270,4703,'0',NULL,1,NULL,'',2,1494058750,1503367817,0,0,0),(12,'Robam/老板 欧式侧吸型油烟机CXW-200-5106',1,NULL,'/Uploads/Picture/2017-08-22/599b92c5c73e8.jpg',NULL,'<div style=\"text-align:center;\">\r\n	<span style=\"line-height:1.5;\">&nbsp;<img src=\"/Uploads/Editor/2017-08-22/599b92bb3557b.jpg\" alt=\"\" /></span>\r\n</div>',3800,2850,'0',NULL,1,NULL,'',2,1494058768,1503367879,0,0,0),(13,'Robam/老板 嵌入式燃气灶JZ(Y/T/R)-9G38',2,NULL,'/Uploads/Picture/2017-08-22/599b92d79be6d.jpg',NULL,'<div style=\"text-align:center;\">\r\n	<img src=\"/Uploads/Editor/2017-08-22/599b9307d8c3c.jpg\" alt=\"\" /><br />\r\n</div>',4080,3060,'0',NULL,1,'1,2','',2,1494061902,1503367945,0,0,0),(14,'Robam/老板 嵌入式燃气灶JZ(Y/T/R)-9B28',2,NULL,'/Uploads/Picture/2017-08-23/599d438dd4efc.jpg',NULL,'<div style=\"text-align:center;\">\r\n	<img src=\"/Uploads/Editor/2017-08-23/599d43b078546.jpg\" alt=\"\" /><br />\r\n</div>',3780,2835,'0',NULL,1,'1,2','',2,1494061936,1503478706,0,0,0),(15,'Robam/老板 嵌入式燃气灶JZ(Y/T/R)-9B32',2,NULL,'/Uploads/Picture/2017-08-22/599b90dfe25e7.jpg',NULL,'<div style=\"text-align:center;\">\r\n	<img src=\"/Uploads/Editor/2017-08-22/599b90d76f9f6.jpg\" alt=\"\" /><br />\r\n</div>',4080,3060,'0',NULL,1,'1,2','',2,1494063305,1503367393,0,0,0),(16,'Robam/老板 嵌入式燃气灶JZ(Y/T/R)-7B13',2,NULL,'/Uploads/Picture/2017-08-22/599b917314e39.jpg',NULL,'<div style=\"text-align:center;\">\r\n	<img src=\"/Uploads/Editor/2017-08-22/599b908d4f613.jpg\" alt=\"\" /><br />\r\n</div>',2508,1881,'0',NULL,1,'1,2','',2,1494063383,1503367540,0,0,0),(17,'Robam/老板 嵌入式燃气灶JZ(Y/T/R)-9G21',2,NULL,'/Uploads/Picture/2017-08-22/599bf0b06d084.jpg',NULL,'<div style=\"text-align:center;\">\r\n	<img src=\"/Uploads/Editor/2017-08-22/599bf29d27d18.jpg\" alt=\"\" /><br />\r\n</div>',3200,2400,'0',NULL,1,'1,2','',2,1494063416,1503392414,0,0,0),(18,'Robam/老板 嵌入式燃气灶JZ(Y/T/R)-7G05',2,NULL,'/Uploads/Picture/2017-08-22/599bf4ddb212a.jpg',NULL,'<div style=\"text-align:center;\">\r\n	<img src=\"/Uploads/Editor/2017-08-22/599bf4d843fc0.png\" alt=\"\" /><br />\r\n</div>',2356,1767,'0',NULL,1,'1,2','',2,1494063441,1503392991,0,0,0),(19,'Robam/老板 ROKI智能油烟机CXW-200-8230',1,NULL,'/Uploads/Picture/2017-08-22/599bf4e9acf72.jpg',NULL,'<div style=\"text-align:center;\">\r\n	<img src=\"/Uploads/Editor/2017-08-22/599bf583809d6.jpg\" alt=\"\" /><br />\r\n</div>',10800,8100,'0',NULL,1,NULL,'',2,1494321132,1503393157,0,0,0),(20,'Robam/老板 独立双模消毒柜ZTD100D-818',3,NULL,'/Uploads/Picture/2017-08-22/599bf50f5839a.jpg',NULL,'<p style=\"text-align:center;\">\r\n	<img src=\"/Uploads/Editor/2017-08-22/599bf5276c933.jpg\" alt=\"\" /> \r\n</p>',7790,5843,'0',NULL,1,NULL,'',2,1494323358,1503478719,0,0,0),(21,'Robam/老板 回形杀菌消毒柜ZTD100C-829',3,NULL,'/Uploads/Picture/2017-08-23/599cd2fc82adb.jpg',NULL,'<div style=\"text-align:center;\">\r\n	<img src=\"/Uploads/Editor/2017-08-23/599d43f84c1a5.jpg\" alt=\"\" /><br />\r\n</div>',6480,4860,'0',NULL,1,NULL,'',2,1494323540,1503478792,0,0,0),(22,'Robam/老板 回形杀菌消毒柜ZTD100C-817',3,NULL,'/Uploads/Picture/2017-08-23/599d4417b5563.jpg',NULL,'<div style=\"text-align:center;\">\r\n	<img src=\"/Uploads/Editor/2017-08-23/599d44267e23c.jpg\" alt=\"\" /><br />\r\n</div>',6280,4710,'0',NULL,1,NULL,'',2,1494323592,1503478825,0,0,0),(23,'Robam/老板 回形杀菌消毒柜ZTD100C-812',3,NULL,'/Uploads/Picture/2017-08-23/599d4442acfcc.jpg',NULL,'<div style=\"text-align:center;\">\r\n	<img src=\"/Uploads/Editor/2017-08-23/599d443c11db5.jpg\" alt=\"\" /><br />\r\n</div>',5890,4418,'0',NULL,1,NULL,'',2,1494323633,1503478853,0,0,0),(24,'Robam/老板 智控烤箱KWS220-R015',4,NULL,'/Uploads/Picture/2017-08-23/599d444f54937.jpg',NULL,'<div style=\"text-align:center;\">\r\n	<img src=\"/Uploads/Editor/2017-08-23/599d4460065d1.jpg\" alt=\"\" /><br />\r\n</div>',8000,6000,'0',NULL,1,NULL,'',2,1494323770,1503478881,0,0,0),(25,'Robam/老板 5°纯蒸蒸汽炉ZQB350-S205',5,NULL,'/Uploads/Picture/2017-08-23/599d447fb0d85.jpg',NULL,'<div style=\"text-align:center;\">\r\n	<img src=\"/Uploads/Editor/2017-08-23/599d4474c2583.jpg\" alt=\"\" /><br />\r\n</div>',9980,7485,'0',NULL,1,NULL,'',2,1494323847,1503478913,0,0,0),(26,'Robam/老板 洗碗机WQP4-720',7,NULL,'/Uploads/Picture/2017-08-23/599d448cdd77a.jpg',NULL,'<div style=\"text-align:center;\">\r\n	<img src=\"/Uploads/Editor/2017-08-23/599d449fc1bd7.jpg\" alt=\"\" /><br />\r\n</div>',13800,10350,'0',NULL,1,NULL,'',2,1494323924,1503478945,0,0,0),(27,'Robam/老板 洗碗机WQP12-710',7,NULL,'/Uploads/Picture/2017-08-23/599d44b8e01da.jpg',NULL,'<p style=\"text-align:center;\">\r\n	<img src=\"/Uploads/Editor/2017-08-23/599d44b0f3051.jpg\" alt=\"\" />\r\n</p>',12800,9600,'0',NULL,1,NULL,'',2,1494323967,1503478970,0,0,0),(28,'Robam/老板 洗碗机WQP6-701',7,NULL,'/Uploads/Picture/2017-08-23/599d44c37b24b.jpg',NULL,'<div style=\"text-align:center;\">\r\n	<br />\r\n</div>',9980,7485,'0',NULL,1,NULL,'',2,1494323996,1503478995,0,0,0),(29,'Robam/老板 净水器PRO520-J310',8,NULL,'/Uploads/Picture/2017-08-23/599d44db2c736.jpg',NULL,'<p style=\"text-align:center;\">\r\n	<img src=\"/Uploads/Editor/2017-08-23/599d44f12d886.jpg\" alt=\"\" />\r\n</p>\r\n<p style=\"text-align:center;\">\r\n	<img src=\"/Uploads/Editor/2017-08-23/599d44fd9a7de.jpg\" alt=\"\" />\r\n</p>',9600,7200,'0',NULL,1,NULL,'',2,1494324073,1503479038,0,0,0),(30,'Robam/老板 净水器PRO400-J301',8,NULL,'/Uploads/Picture/2017-08-22/599b9f5fc7062.jpg',NULL,'<p style=\"text-align:center;\">\r\n	<img src=\"/Uploads/Editor/2017-08-22/599b9f58e298a.jpg\" alt=\"\" />\r\n</p>',8400,6300,'0',NULL,1,NULL,'',2,1494324115,1503371107,0,0,0),(31,'Robam/老板 净水器PRO400-J300',8,NULL,'/Uploads/Picture/2017-08-22/599b976351ec6.jpg',NULL,'<div style=\"text-align:center;\">\r\n	<img src=\"/Uploads/Editor/2017-08-22/599b977d27cb8.jpg\" alt=\"\" /><br />\r\n</div>',7600,5700,'0',NULL,1,NULL,'',2,1494324154,1503369086,0,0,0),(32,'Robam/老板 嵌入式燃气灶JZ(Y/T/R)-9B52',2,NULL,'/Uploads/Picture/2017-08-21/599aa2e8d9d0d.jpg',NULL,'<div style=\"text-align:center;\">\r\n	<img src=\"/Uploads/Editor/2017-08-22/599b900d92ffe.jpg\" alt=\"\" /><br />\r\n</div>',4900,3675,'0',NULL,1,'1,2','',2,1494410406,1503367184,0,0,0),(33,'Robam/老板 嵌入式燃气灶JZ(Y/T/R)-9B20',2,NULL,'/Uploads/Picture/2017-08-21/599aa26ab22fd.jpg',NULL,'<div style=\"text-align:center;\">\r\n	<img src=\"/Uploads/Editor/2017-08-22/599b914948f24.jpg\" alt=\"\" /><br />\r\n</div>',3100,2325,'0',NULL,1,'1,2','',2,1494410869,1503367498,0,0,0),(34,'Robam/老板 烟灶套装8215+9B32',10,NULL,'/Uploads/Picture/2017-08-21/599aa20d6a3c6.jpg',NULL,'<p style=\"text-align:center;\">\r\n	<img src=\"/Uploads/Editor/2017-08-21/599aa1e0244dd.jpg\" alt=\"\" /> \r\n</p>\r\n<p style=\"text-align:center;\">\r\n	<img src=\"/Uploads/Editor/2017-08-21/599aa1f461087.jpg\" alt=\"\" /> \r\n</p>',11880,8910,'0',NULL,1,'1,2','',2,1494493034,1503306256,0,0,0),(35,'Robam/老板 烟灶套装5900+9B32',10,NULL,'/Uploads/Picture/2017-08-21/599aa0fa3a7be.jpg',NULL,'<p style=\"text-align:center;\">\r\n	<img src=\"/Uploads/Editor/2017-08-21/599aa12972178.jpg\" alt=\"\" />\r\n</p>\r\n<p style=\"text-align:center;\">\r\n	<img src=\"/Uploads/Editor/2017-08-21/599aa19f29d15.jpg\" alt=\"\" />\r\n</p>',13280,9960,'0',NULL,1,'1,2','',2,1494493063,1503306145,0,0,0),(36,'Robam/老板 烟灶套装8229+9B52',10,NULL,'/Uploads/Picture/2017-08-21/599aa0d81cfe2.jpg',NULL,'<p style=\"text-align:center;\">\r\n	<img src=\"/Uploads/Editor/2017-08-21/599aa0a8b3609.jpg\" alt=\"\" />\r\n</p>\r\n<p style=\"text-align:center;\">\r\n	<br />\r\n</p>',13500,10125,'0',NULL,1,'1,2','',2,1494494467,1503305962,0,0,0),(37,'Robam/老板 烟灶套装8329+7B13',10,NULL,'/Uploads/Picture/2017-08-21/599a9fb8d2b9f.jpg',NULL,'<p style=\"text-align:center;\">\r\n	<img src=\"/Uploads/Editor/2017-08-21/599aa00cab63d.jpg\" alt=\"\" />\r\n</p>\r\n<p style=\"text-align:center;\">\r\n	<img src=\"/Uploads/Editor/2017-08-21/599aa01f27ac9.jpg\" alt=\"\" />\r\n</p>',8588,6441,'0',NULL,1,'1,2','',2,1494494717,1503305762,0,0,0),(38,'Robam/老板 3D美味烤箱KWS260-R012',4,NULL,'/Uploads/Picture/2017-05-13/5916c896e8d11.jpg',NULL,'<div style=\"text-align:center;\">\r\n	<img src=\"/Uploads/Editor/2017-05-13/5916c96e47846.jpg\" alt=\"\" /><br />\r\n</div>',9200,7820,'0',NULL,1,NULL,'',0,1494665586,1500971138,0,0,0),(39,'Robam/老板 3D美味烤箱KWS260-R020',4,NULL,'/Uploads/Picture/2017-05-13/5916cb2741394.jpg',NULL,'<div style=\"text-align:center;\">\r\n	<img src=\"/Uploads/Editor/2017-05-13/5916cb1ed83ad.jpg\" alt=\"\" /><br />\r\n</div>',8438,7172,'0',NULL,1,NULL,'',0,1494666028,1501825896,0,0,0),(40,'Robam/老板 3D营养蒸蒸汽炉ZQB235-S202',5,NULL,'/Uploads/Picture/2017-05-13/5916cb9657486.jpg',NULL,'<div style=\"text-align:center;\">\r\n	<img src=\"/Uploads/Editor/2017-05-13/5916cbac903be.jpg\" alt=\"\" /><br />\r\n</div>',9200,7820,'0',NULL,1,NULL,'',0,1494666159,1494912672,0,0,0),(41,'Robam/老板 3D速火系列燃气灶JZ(Y/T/R)-9B39',2,NULL,'/Uploads/Picture/2017-08-21/599a9fa115683.jpg',NULL,'<div style=\"text-align:center;\">\r\n	<img src=\"/Uploads/Editor/2017-08-21/599a9f963f3de.jpg\" alt=\"\" /><br />\r\n</div>',6080,4560,'0',NULL,1,'1,2','',2,1494666606,1503305635,0,0,0),(42,'Robam/老板 侧吸型油烟机CXW-200-5370',1,NULL,'/Uploads/Picture/2017-08-21/599a9f6c04e88.jpg',NULL,'<div style=\"text-align:center;\">\r\n	<img src=\"/Uploads/Editor/2017-08-21/599a9f7d3e0c5.jpg\" alt=\"\" /><br />\r\n</div>',5320,3990,'0',NULL,1,NULL,'',2,1494831463,1503305598,0,0,0),(43,'Robam/老板 欧式侧吸型油烟机CXW-200-5700',1,NULL,'/Uploads/Picture/2017-08-23/599d455e2caa4.jpg',NULL,'<div style=\"text-align:center;\">\r\n	<span style=\"line-height:1.5;\"><img src=\"/Uploads/Editor/2017-08-21/599a9f131c146.jpg\" alt=\"\" />&nbsp;</span> \r\n</div>',7400,5550,'0',NULL,1,NULL,'',2,1498986233,1503479136,0,0,0),(44,'Robam/老板 欧式侧吸型油烟机CXW-200-5606',1,NULL,'/Uploads/Picture/2017-07-02/5958b737e376a.jpg',NULL,'&nbsp;<img src=\"/Uploads/Editor/2017-07-25/5977004f13df6.jpg\" alt=\"\" />',0,0,'',NULL,1,NULL,'',0,1498986300,1501224405,0,0,0),(45,'Robam/老板 欧式平板型油烟机CXW-200-8010',1,NULL,'/Uploads/Picture/2017-08-21/599a9db74152b.jpg',NULL,'<div style=\"text-align:center;\">\r\n	<img src=\"/Uploads/Editor/2017-08-21/599a9dc646448.jpg\" alt=\"\" /><br />\r\n</div>',4100,3075,'0',NULL,1,NULL,'',2,1501310920,1503305159,0,0,0),(46,'Robam/老板 欧式平板型油烟机CXW-200-8103',1,NULL,'/Uploads/Picture/2017-08-21/599a8f89e2458.jpg',NULL,'<div style=\"text-align:center;\">\r\n	<img src=\"/Uploads/Editor/2017-08-21/599a8f7f75e9c.jpg\" alt=\"\" /><br />\r\n</div>',4560,3420,'0',NULL,1,NULL,'',2,1501315205,1503301516,0,0,0),(47,'Robam/老板 欧式平板型油烟机CXW-200-8700',1,NULL,'/Uploads/Picture/2017-08-21/599a8f46df3f9.jpg',NULL,'<div style=\"text-align:center;\">\r\n	<img src=\"/Uploads/Editor/2017-08-21/599a8f5cd00b6.jpg\" alt=\"\" /><br />\r\n</div>',7030,5273,'0',NULL,1,NULL,'',2,1501315627,1503301470,0,0,0),(48,'Robam/老板 3D速火系列燃气灶JZ(Y/T/R)-9B31',2,NULL,'/Uploads/Picture/2017-08-21/599a8f371a930.jpg',NULL,'<div style=\"text-align:center;\">\r\n	<img src=\"/Uploads/Editor/2017-08-21/599a8f2f0a80f.jpg\" alt=\"\" /><br />\r\n</div>',1830,1373,'0',NULL,1,'1,2','',2,1501403721,1503301433,0,0,0),(49,'Robam/老板 3D速火系列燃气灶JZ(Y/T/R)-9G33',2,NULL,'/Uploads/Picture/2017-08-21/599a8f062decb.jpg',NULL,'<div style=\"text-align:center;\">\r\n	<img src=\"/Uploads/Editor/2017-08-21/599a8f189c467.jpg\" alt=\"\" /><br />\r\n</div>',3800,2850,'0',NULL,1,'1,2','',2,1501403931,1503301401,0,0,0),(50,'Robam/老板 ROKI 3D速火系列燃气灶JZ(Y/T/R)-9B37',2,NULL,'/Uploads/Picture/2017-08-21/599a8ef928c77.jpg',NULL,'<div style=\"text-align:center;\">\r\n	<img src=\"/Uploads/Editor/2017-08-21/599a8ef2ed15b.jpg\" alt=\"\" /><br />\r\n</div>',4180,3135,'0',NULL,1,'1,2','',2,1501404113,1503301371,0,0,0),(51,'Robam/老板 气电双灶火系列燃气灶JZ(Y/T/R)-9B79',2,NULL,'/Uploads/Picture/2017-08-21/599a8ecc497e3.jpg',NULL,'<img src=\"/Uploads/Editor/2017-08-21/599a8ed95a8dd.jpg\" alt=\"\" />',5200,3900,'0',NULL,1,'1,2','',2,1501404700,1503301339,0,0,0),(52,'Robam/老板 五重净化消毒柜ZTD100B-809',3,NULL,'/Uploads/Picture/2017-08-21/599a8eba08498.jpg',NULL,'<div style=\"text-align:center;\">\r\n	<img src=\"/Uploads/Editor/2017-08-21/599a8eaeb2727.jpg\" alt=\"\" /><br />\r\n</div>',4900,3675,'0',NULL,1,NULL,'',2,1501405389,1503301308,0,0,0),(53,'Robam/老板 回形杀菌消毒柜ZTD100B-811',3,NULL,'/Uploads/Picture/2017-08-21/599a8c0eb21cc.jpg',NULL,'<div style=\"text-align:center;\">\r\n	<img src=\"/Uploads/Editor/2017-08-21/599a8c238a543.jpg\" alt=\"\" /><br />\r\n</div>',5280,3960,'0',NULL,1,NULL,'',2,1501405543,1503300659,0,0,0),(54,'Robam/老板 智控烤箱KQWS-2600-R025',4,NULL,'/Uploads/Picture/2017-08-21/599a8bd02d89f.jpg',NULL,'<div style=\"text-align:center;\">\r\n	<img src=\"/Uploads/Editor/2017-08-21/599a8bb828dc4.jpg\" alt=\"\" /><br />\r\n</div>',9120,6840,'5',NULL,1,NULL,'',2,1501405800,1503300561,0,0,0),(55,'Robam/老板 智控烤箱KQWS-2600-R026',4,NULL,'/Uploads/Picture/2017-08-21/599a8a6da6f71.jpg',NULL,'<div style=\"text-align:center;\">\r\n	<img src=\"/Uploads/Editor/2017-08-21/599a8ab37042e.jpg\" alt=\"\" /><br />\r\n</div>',11020,8265,'0',NULL,1,NULL,'',2,1501405905,1503300280,0,0,0),(56,'Robam/老板 智控烤箱KQWS-2200-R016',4,NULL,'/Uploads/Picture/2017-08-21/599a87cde7099.jpg',NULL,'<div style=\"text-align:center;\">\r\n	<img src=\"/Uploads/Editor/2017-08-21/599a87a4a5a0b.jpg\" alt=\"\" /><br />\r\n</div>',9500,7125,'0',NULL,1,NULL,'',2,1501406006,1503299536,0,0,0),(57,'Robam/老板 嵌入式微波炉WK25-M502',6,NULL,'/Uploads/Picture/2017-08-21/599a876c586f0.jpg',NULL,'<div style=\"text-align:center;\">\r\n	<img src=\"/Uploads/Editor/2017-08-21/599a877f55ff0.jpg\" alt=\"\" /><br />\r\n</div>',6120,4590,'0',NULL,1,NULL,'',2,1501406228,1503299458,0,0,0),(58,'Robam/老板 嵌入式微波炉WK25-M503',6,NULL,'/Uploads/Picture/2017-08-21/599a87337ed79.jpg',NULL,'<div style=\"text-align:center;\">\r\n	<img src=\"/Uploads/Editor/2017-08-21/599a8724207df.jpg\" alt=\"\" /><br />\r\n</div>',6660,4995,'0',NULL,1,NULL,'',2,1501479706,1503299386,0,0,0),(59,'Robam/老板 嵌入式微波炉WK25-M505',6,NULL,'/Uploads/Picture/2017-08-21/599a86fba1220.jpg',NULL,'<div style=\"text-align:center;\">\r\n	<img src=\"/Uploads/Editor/2017-08-21/599a870a6c90b.jpg\" alt=\"\" /><br />\r\n</div>',6480,4860,'0',NULL,1,NULL,'',2,1501479851,1503299340,0,0,0),(60,'Robam/老板 嵌入式微波炉WK25-M509',6,NULL,'/Uploads/Picture/2017-08-21/599a86eb08fba.jpg',NULL,'<div style=\"text-align:center;\">\r\n	<img src=\"/Uploads/Editor/2017-08-21/599a86de4134e.jpg\" alt=\"\" /><br />\r\n</div>',7200,5400,'12',NULL,1,NULL,'',2,1501482163,1503299309,0,0,0),(61,'Robam/老板 净水器PRO600-J311',8,NULL,'/Uploads/Picture/2017-08-21/599a86a3eb82f.jpg',NULL,'<div style=\"text-align:center;\">\r\n	<img src=\"/Uploads/Editor/2017-08-21/599a86b94a9ef.jpg\" alt=\"\" /><br />\r\n</div>',10800,8100,'0',NULL,1,NULL,'',2,1501482661,1503299259,0,0,0),(62,'Robam/老板 5°纯蒸蒸汽炉ZQB235-S209',5,NULL,'/Uploads/Picture/2017-08-21/599a8695ad820.jpg',NULL,'<div style=\"text-align:center;\">\r\n	<img src=\"/Uploads/Editor/2017-08-21/599a86895e4e9.jpg\" alt=\"\" /><br />\r\n</div>',10260,7695,'0',NULL,1,NULL,'',2,1501488499,1503299225,0,0,0),(63,'Robam/老板 智控烤箱KQWS-260-R039',4,NULL,'/Uploads/Picture/2017-08-21/599a8652c4292.jpg',NULL,'<div style=\"text-align:center;\">\r\n	<img src=\"/Uploads/Editor/2017-08-21/599a866b9f03b.jpg\" alt=\"\" /><br />\r\n</div>',10260,7695,'5',NULL,1,NULL,'',2,1501490599,1503299183,0,0,0);

UNLOCK TABLES;

/*Table structure for table `robam_shop_goods_fuel` */

DROP TABLE IF EXISTS `robam_shop_goods_fuel`;

CREATE TABLE `robam_shop_goods_fuel` (
  `id` int(11) NOT NULL AUTO_INCREMENT,
  `fuel_name` varchar(128) NOT NULL,
  `status` tinyint(1) NOT NULL,
  PRIMARY KEY (`id`)
) ENGINE=InnoDB AUTO_INCREMENT=3 DEFAULT CHARSET=utf8;

/*Data for the table `robam_shop_goods_fuel` */

LOCK TABLES `robam_shop_goods_fuel` WRITE;

insert  into `robam_shop_goods_fuel`(`id`,`fuel_name`,`status`) values (1,'天然气',1),(2,'液化气',1);

UNLOCK TABLES;

/*Table structure for table `robam_shop_home` */

DROP TABLE IF EXISTS `robam_shop_home`;

CREATE TABLE `robam_shop_home` (
  `id` int(11) NOT NULL AUTO_INCREMENT,
  `banner` text NOT NULL COMMENT '轮播图',
  `hot` text NOT NULL COMMENT '热销产品',
  `start` text NOT NULL COMMENT '明星产品',
  `status` tinyint(4) NOT NULL COMMENT '状态',
  `create_time` int(11) NOT NULL COMMENT '创建时间',
  `update_time` int(11) NOT NULL COMMENT '修改时间',
  PRIMARY KEY (`id`)
) ENGINE=InnoDB AUTO_INCREMENT=2 DEFAULT CHARSET=utf8 COMMENT='首页';

/*Data for the table `robam_shop_home` */

LOCK TABLES `robam_shop_home` WRITE;

insert  into `robam_shop_home`(`id`,`banner`,`hot`,`start`,`status`,`create_time`,`update_time`) values (1,'{\"1\":{\"thumb\":\"\\/Uploads\\/Picture\\/2017-08-18\\/59964ab5e5702.jpg\",\"thumb_link\":\"\"},\"2\":{\"thumb\":\"\\/Uploads\\/Picture\\/2017-12-18\\/5a3724ce99d4e.jpg\",\"thumb_link\":\"https:\\/\\/u.eqxiu.com\\/s\\/ltHhJLyB\"},\"3\":{\"thumb\":\"\\/Uploads\\/Picture\\/2017-08-07\\/5987d2d05fde7.jpg\",\"thumb_link\":\"\"}}','{\"1\":{\"thumb\":\"\\/Uploads\\/Picture\\/2017-08-22\\/599b8f3086bd9.jpg\",\"thumb_link\":\"http:\\/\\/i.eqxiu.com\\/s\\/Nm9W16xD\"},\"2\":{\"thumb\":\"\\/Uploads\\/Picture\\/2017-08-22\\/599b8ec07e2fe.jpg\",\"thumb_link\":\"4\"},\"3\":{\"thumb\":\"\\/Uploads\\/Picture\\/2017-08-22\\/599b8f9514d16.jpg\",\"thumb_link\":\"16\"},\"4\":{\"thumb\":\"\\/Uploads\\/Picture\\/2017-08-22\\/599b8f9e244ed.jpg\",\"thumb_link\":\"33\"},\"5\":{\"thumb\":\"\\/Uploads\\/Picture\\/2017-08-22\\/599b8fa242109.jpg\",\"thumb_link\":\"10\"},\"6\":{\"thumb\":\"\\/Uploads\\/Picture\\/2017-08-22\\/599b8ea822075.jpg\",\"thumb_link\":\"4\"}}','{\"1\":{\"thumb\":\"\\/Uploads\\/Picture\\/2017-08-22\\/599b8e7279706.jpg\",\"thumb_link\":\"6\"},\"2\":{\"thumb\":\"\\/Uploads\\/Picture\\/2017-08-22\\/599b8e79e8bba.jpg\",\"thumb_link\":\"15\"}}',1,1490088839,1513563441);

UNLOCK TABLES;

/*Table structure for table `robam_shop_notice` */

DROP TABLE IF EXISTS `robam_shop_notice`;

CREATE TABLE `robam_shop_notice` (
  `id` int(11) NOT NULL AUTO_INCREMENT,
  `user_id` varchar(128) NOT NULL DEFAULT '0' COMMENT '用户id 0:系统公告，面向全部用户',
  `title` varchar(128) NOT NULL COMMENT '消息标题',
  `msg` text NOT NULL COMMENT '消息内容',
  `is_read` tinyint(1) NOT NULL DEFAULT '0' COMMENT '是否阅读',
  `status` tinyint(1) NOT NULL DEFAULT '1' COMMENT '状态',
  `create_time` int(11) NOT NULL COMMENT '创建时间',
  `update_time` int(11) NOT NULL COMMENT '修改时间',
  PRIMARY KEY (`id`)
) ENGINE=InnoDB AUTO_INCREMENT=3 DEFAULT CHARSET=utf8;

/*Data for the table `robam_shop_notice` */

LOCK TABLES `robam_shop_notice` WRITE;

insert  into `robam_shop_notice`(`id`,`user_id`,`title`,`msg`,`is_read`,`status`,`create_time`,`update_time`) values (1,'0','您的服务单已经完成333','您好,您提交的服务单276054390已经处理完成，可以点击已解决之后进行评论；如果还有其他疑问,请您选择\"未解决\"，我们会尽快回复.',1,0,1487317512,1491291458),(2,'0','系统消息','第一季度大力推广油烟机，提成比例可上调',1,1,1487317512,1491291515);

UNLOCK TABLES;

/*Table structure for table `robam_shop_task` */

DROP TABLE IF EXISTS `robam_shop_task`;

CREATE TABLE `robam_shop_task` (
  `id` int(11) NOT NULL AUTO_INCREMENT,
  `user_id` varchar(128) NOT NULL COMMENT '用户id',
  `year` int(4) NOT NULL COMMENT '年度',
  `season` char(1) NOT NULL COMMENT '季度 1,2,3,4',
  `task` varchar(128) NOT NULL COMMENT '任务指标',
  `status` tinyint(1) NOT NULL COMMENT '状态',
  `create_time` int(11) NOT NULL COMMENT '创建时间',
  `update_time` int(11) NOT NULL COMMENT '修改时间',
  PRIMARY KEY (`id`)
) ENGINE=InnoDB AUTO_INCREMENT=18 DEFAULT CHARSET=utf8;

/*Data for the table `robam_shop_task` */

LOCK TABLES `robam_shop_task` WRITE;

insert  into `robam_shop_task`(`id`,`user_id`,`year`,`season`,`task`,`status`,`create_time`,`update_time`) values (1,'10',2017,'1','{\"1222\":\"1\",\"2000\":\"5\",\"3000\":\"1\"}',1,1487676667,1503387470),(2,'10',2017,'2','{\"20000\":\"5\"}',1,1,1503387470),(3,'10',2017,'3','{\"30000\":\"5\"}',1,1,1503387470),(6,'10',2017,'4','{\"30000\":\"5\"}',1,1487676962,1503387470),(7,'11',2017,'1','{\"100\":\"1\",\"110\":\"10\"}',1,1487677151,1490079134),(8,'11',2017,'2','{\"200\":\"2\",\"220\":\"20\"}',1,1487677314,1490079134),(9,'11',2017,'3','{\"300\":\"3\",\"330\":\"30\"}',1,1487677314,1490079134),(10,'11',2017,'4','{\"400\":\"4\",\"440\":\"40\"}',1,1487677314,1490079134),(11,'11',2017,'5','{\"500\":\"5\",\"550\":\"50\"}',1,1490078442,1490079134),(12,'16',2017,'1','{\"100\":\"2\",\"200\":\"2\"}',1,0,1491446588),(13,'16',2017,'2','{\"23\":\"3\",\"44\":\"5\"}',1,0,1491446588),(14,'16',2017,'3','{\"2\":\"3\",\"3\":\"4\"}',1,0,1491446588),(15,'16',2017,'4','{\"100\":\"1\"}',1,0,1491446588),(16,'16',2017,'5','{\"3\":\"3\"}',1,0,1491446588),(17,'10',2017,'5','{\"200000\":\"5\"}',1,0,1503387470);

UNLOCK TABLES;

/*Table structure for table `robam_ucenter_admin` */

DROP TABLE IF EXISTS `robam_ucenter_admin`;

CREATE TABLE `robam_ucenter_admin` (
  `id` int(10) unsigned NOT NULL AUTO_INCREMENT COMMENT '管理员ID',
  `member_id` int(10) unsigned NOT NULL DEFAULT '0' COMMENT '管理员用户ID',
  `status` tinyint(3) unsigned NOT NULL DEFAULT '0' COMMENT '管理员状态',
  PRIMARY KEY (`id`)
) ENGINE=MyISAM DEFAULT CHARSET=utf8 COMMENT='管理员表';

/*Data for the table `robam_ucenter_admin` */

LOCK TABLES `robam_ucenter_admin` WRITE;

UNLOCK TABLES;

/*Table structure for table `robam_ucenter_app` */

DROP TABLE IF EXISTS `robam_ucenter_app`;

CREATE TABLE `robam_ucenter_app` (
  `id` int(10) unsigned NOT NULL AUTO_INCREMENT COMMENT '应用ID',
  `title` varchar(30) NOT NULL COMMENT '应用名称',
  `url` varchar(100) NOT NULL COMMENT '应用URL',
  `ip` char(15) NOT NULL COMMENT '应用IP',
  `auth_key` varchar(100) NOT NULL COMMENT '加密KEY',
  `sys_login` tinyint(1) unsigned NOT NULL DEFAULT '0' COMMENT '同步登陆',
  `allow_ip` varchar(255) NOT NULL COMMENT '允许访问的IP',
  `create_time` int(10) unsigned NOT NULL DEFAULT '0' COMMENT '创建时间',
  `update_time` int(10) unsigned NOT NULL DEFAULT '0' COMMENT '更新时间',
  `status` tinyint(4) NOT NULL DEFAULT '0' COMMENT '应用状态',
  PRIMARY KEY (`id`),
  KEY `status` (`status`)
) ENGINE=MyISAM DEFAULT CHARSET=utf8 COMMENT='应用表';

/*Data for the table `robam_ucenter_app` */

LOCK TABLES `robam_ucenter_app` WRITE;

UNLOCK TABLES;

/*Table structure for table `robam_ucenter_member` */

DROP TABLE IF EXISTS `robam_ucenter_member`;

CREATE TABLE `robam_ucenter_member` (
  `id` int(10) unsigned NOT NULL AUTO_INCREMENT COMMENT '用户ID',
  `username` char(16) NOT NULL COMMENT '账号',
  `password` char(32) NOT NULL COMMENT '密码',
  `email` char(32) NOT NULL COMMENT '用户邮箱',
  `mobile` char(15) NOT NULL COMMENT '用户手机',
  `reg_time` int(10) unsigned NOT NULL DEFAULT '0' COMMENT '注册时间',
  `reg_ip` bigint(20) NOT NULL DEFAULT '0' COMMENT '注册IP',
  `last_login_time` int(10) unsigned NOT NULL DEFAULT '0' COMMENT '最后登录时间',
  `last_login_ip` bigint(20) NOT NULL DEFAULT '0' COMMENT '最后登录IP',
  `update_time` int(10) unsigned NOT NULL DEFAULT '0' COMMENT '更新时间',
  `status` tinyint(4) DEFAULT '0' COMMENT '用户状态',
  PRIMARY KEY (`id`),
  UNIQUE KEY `username` (`username`),
  UNIQUE KEY `email` (`email`),
  KEY `status` (`status`)
) ENGINE=MyISAM AUTO_INCREMENT=24 DEFAULT CHARSET=utf8 COMMENT='用户表';

/*Data for the table `robam_ucenter_member` */

LOCK TABLES `robam_ucenter_member` WRITE;

insert  into `robam_ucenter_member`(`id`,`username`,`password`,`email`,`mobile`,`reg_time`,`reg_ip`,`last_login_time`,`last_login_ip`,`update_time`,`status`) values (1,'Administrator','74ed9a836b249807a21ee82485ab7f51','suongyongct@boe.com.cn','15995850157',1486198171,2130706433,1514079097,988867362,1486198171,1),(10,'test','74ed9a836b249807a21ee82485ab7f51','122333@qq.com','1626622',1486359759,2130706433,1504062356,1971864370,1493688651,2),(11,'sunyong','74ed9a836b249807a21ee82485ab7f51','173058129@qq.com','1995850157',1487582188,2130706433,1500970304,3232235777,1490066665,2),(2,'admin','74ed9a836b249807a21ee82485ab7f51','test@test.com','1599111111',1487582981,2130706433,1503319777,1926817254,1493688074,2),(16,'wanghua','74ed9a836b249807a21ee82485ab7f51','1111123666642@qq.com','15995555772',1490059744,2130706433,0,0,1490066595,2),(17,'test44','d2c215e87ab15c6db1473373b99ca816','113234@qq.com','15878765436',1502159719,3232235777,0,0,1502159719,2),(18,'test12342','d2c215e87ab15c6db1473373b99ca816','1234454@qq.com','15996560157',1502160270,3232235777,0,0,1502160270,2),(19,'test2','d2c215e87ab15c6db1473373b99ca816','1234@qq.com','15997878656',1502161144,3232235777,0,0,1502161144,2),(20,'sale1','d2c215e87ab15c6db1473373b99ca816','1730581291@qq.com','',1502162564,3232235777,0,0,1502162564,1),(21,'财务部-许莉','d2c215e87ab15c6db1473373b99ca816','675129936@qq.com','',1502697393,988867362,1502766198,1971864618,1502766554,1),(22,'市场部-宫雪琴','d2c215e87ab15c6db1473373b99ca816','772146147@qq.com','',1502697471,988867362,1502766429,1971864618,1502766423,1),(23,'tt','74ed9a836b249807a21ee82485ab7f51','123456@qq.com','',1502698623,1971864729,1502699187,1971864729,1502698623,1);

UNLOCK TABLES;

/*Table structure for table `robam_ucenter_setting` */

DROP TABLE IF EXISTS `robam_ucenter_setting`;

CREATE TABLE `robam_ucenter_setting` (
  `id` int(10) unsigned NOT NULL AUTO_INCREMENT COMMENT '设置ID',
  `type` tinyint(3) unsigned NOT NULL DEFAULT '0' COMMENT '配置类型（1-用户配置）',
  `value` text NOT NULL COMMENT '配置数据',
  PRIMARY KEY (`id`)
) ENGINE=MyISAM DEFAULT CHARSET=utf8 COMMENT='设置表';

/*Data for the table `robam_ucenter_setting` */

LOCK TABLES `robam_ucenter_setting` WRITE;

UNLOCK TABLES;

/*Table structure for table `robam_url` */

DROP TABLE IF EXISTS `robam_url`;

CREATE TABLE `robam_url` (
  `id` int(11) unsigned NOT NULL AUTO_INCREMENT COMMENT '链接唯一标识',
  `url` char(255) NOT NULL DEFAULT '' COMMENT '链接地址',
  `short` char(100) NOT NULL DEFAULT '' COMMENT '短网址',
  `status` tinyint(2) NOT NULL DEFAULT '2' COMMENT '状态',
  `create_time` int(10) unsigned NOT NULL DEFAULT '0' COMMENT '创建时间',
  PRIMARY KEY (`id`),
  UNIQUE KEY `idx_url` (`url`)
) ENGINE=MyISAM DEFAULT CHARSET=utf8 COMMENT='链接表';

/*Data for the table `robam_url` */

LOCK TABLES `robam_url` WRITE;

UNLOCK TABLES;

/*Table structure for table `robam_userdata` */

DROP TABLE IF EXISTS `robam_userdata`;

CREATE TABLE `robam_userdata` (
  `uid` int(10) unsigned NOT NULL COMMENT '用户id',
  `type` tinyint(3) unsigned NOT NULL COMMENT '类型标识',
  `target_id` int(10) unsigned NOT NULL COMMENT '目标id',
  UNIQUE KEY `uid` (`uid`,`type`,`target_id`)
) ENGINE=MyISAM DEFAULT CHARSET=utf8;

/*Data for the table `robam_userdata` */

LOCK TABLES `robam_userdata` WRITE;

UNLOCK TABLES;

/*!40101 SET SQL_MODE=@OLD_SQL_MODE */;
/*!40014 SET FOREIGN_KEY_CHECKS=@OLD_FOREIGN_KEY_CHECKS */;
/*!40014 SET UNIQUE_CHECKS=@OLD_UNIQUE_CHECKS */;
/*!40111 SET SQL_NOTES=@OLD_SQL_NOTES */;
